<?xml version="1.0" encoding="UTF-8" ?>
<!-- This is a WordPress eXtended RSS file generated by WordPress as an export of your site. -->
<!-- It contains information about your site's posts, pages, comments, categories, and other content. -->
<!-- You may use this file to transfer that content from one site to another. -->
<!-- This file is not intended to serve as a complete backup of your site. -->

<!-- To import this information into a WordPress site follow these steps: -->
<!-- 1. Log in to that site as an administrator. -->
<!-- 2. Go to Tools: Import in the WordPress admin panel. -->
<!-- 3. Install the "WordPress" importer from the list. -->
<!-- 4. Activate & Run Importer. -->
<!-- 5. Upload this file using the form provided on that page. -->
<!-- 6. You will first be asked to map the authors in this export file to users -->
<!--    on the site. For each author, you may choose to map to an -->
<!--    existing user on the site or to create a new user. -->
<!-- 7. WordPress will then import each of the posts, pages, comments, categories, etc. -->
<!--    contained in this file into your site. -->

	<!-- generator="WordPress/5.9.3" created="2022-06-27 11:25" -->
<rss version="2.0" xmlns:excerpt="http://wordpress.org/export/1.2/excerpt/" xmlns:content="http://purl.org/rss/1.0/modules/content/" xmlns:wfw="http://wellformedweb.org/CommentAPI/" xmlns:dc="http://purl.org/dc/elements/1.1/" xmlns:wp="http://wordpress.org/export/1.2/">

<channel>
	<title>Electro</title>
	<link>https://demo.madrasthemes.com/electro-elementor</link>
	<description>Electronics Store WooCommerce Theme</description>
	<pubDate>Mon, 27 Jun 2022 11:25:19 +0000</pubDate>
	<language>en-US</language>
	<wp:wxr_version>1.2</wp:wxr_version>
	<wp:base_site_url>https://demo.madrasthemes.com/</wp:base_site_url>
	<wp:base_blog_url>https://demo.madrasthemes.com/electro-elementor</wp:base_blog_url>

		<wp:author><wp:author_id>6</wp:author_id><wp:author_login><![CDATA[abbas]]></wp:author_login><wp:author_email><![CDATA[abbas@example.com]]></wp:author_email><wp:author_display_name><![CDATA[abbas]]></wp:author_display_name><wp:author_first_name><![CDATA[]]></wp:author_first_name><wp:author_last_name><![CDATA[]]></wp:author_last_name></wp:author>
	<wp:author><wp:author_id>1208</wp:author_id><wp:author_login><![CDATA[haled]]></wp:author_login><wp:author_email><![CDATA[haled@example.com]]></wp:author_email><wp:author_display_name><![CDATA[haled]]></wp:author_display_name><wp:author_first_name><![CDATA[]]></wp:author_first_name><wp:author_last_name><![CDATA[]]></wp:author_last_name></wp:author>

				
	<generator>https://wordpress.org/?v=5.9.3</generator>

		
					
					
					
					
					
					
					
					
					
					
					
					
					
					
					
					<item>
		<title><![CDATA[Home v12 Elementor]]></title>
		<link>https://demo.madrasthemes.com/electro-elementor/?elementor_library=home-v12-elementor</link>
		<pubDate>Mon, 27 Jun 2022 08:20:26 +0000</pubDate>
		<dc:creator><![CDATA[haled]]></dc:creator>
		<guid isPermaLink="false">https://demo.madrasthemes.com/electro-elementor/?elementor_library=home-v12-elementor</guid>
		<description/>
		<content:encoded><![CDATA[[rev_slider alias="home-v12-slider" slidertitle="Home-v12-slider"][/rev_slider]		
						<a href="https://demo.madrasthemes.com/electro-elementor/product-category/accessories/">
								<img src="https://demo.madrasthemes.com/electro-elementor/wp-content/uploads/sites/51/2018/10/electro-category-placeholder.png" alt="Accessories">
								<h6 style="font-size:15px;">Accessories</h6>
								<p style="font-size:13px;">
									0 products								</p>
						</a>
						<a href="https://demo.madrasthemes.com/electro-elementor/product-category/laptops-computers/accessories-laptops-computers/">
								<img src="https://demo.madrasthemes.com/electro-elementor/wp-content/uploads/sites/51/2018/10/electro-category-placeholder.png" alt="Accessories">
								<h6 style="font-size:15px;">Accessories</h6>
								<p style="font-size:13px;">
									2 products								</p>
						</a>
						<a href="https://demo.madrasthemes.com/electro-elementor/product-category/laptops-computers/all-in-one-laptops-computers/">
								<img src="https://demo.madrasthemes.com/electro-elementor/wp-content/uploads/sites/51/2018/10/electro-category-placeholder.png" alt="All in One">
								<h6 style="font-size:15px;">All in One</h6>
								<p style="font-size:13px;">
									1 product								</p>
						</a>
						<a href="https://demo.madrasthemes.com/electro-elementor/product-category/tv-audio/audio-speakers/">
								<img src="https://demo.madrasthemes.com/electro-elementor/wp-content/uploads/sites/51/2018/10/electro-category-placeholder.png" alt="Audio Speakers">
								<h6 style="font-size:15px;">Audio Speakers</h6>
								<p style="font-size:13px;">
									1 product								</p>
						</a>
						<a href="https://demo.madrasthemes.com/electro-elementor/product-category/cameras-photography/cameras/">
								<img src="https://demo.madrasthemes.com/electro-elementor/wp-content/uploads/sites/51/2018/10/electro-category-placeholder.png" alt="Cameras">
								<h6 style="font-size:15px;">Cameras</h6>
								<p style="font-size:13px;">
									5 products								</p>
						</a>
			<section >
        <header>
            <h2>Hot Products Today</h2>
        </header>
        <ul data-view="grid" data-bs-toggle="regular-products"><li>
	<a href="https://demo.madrasthemes.com/electro-elementor/product-category/accessories/headphone-cases/" rel="tag">Headphone Cases</a><a href="https://demo.madrasthemes.com/electro-elementor/product/universal-headphones-case-in-black/"><h2>Universal Headphones Case in Black</h2><img width="300" height="300" src="https://demo.madrasthemes.com/electro-elementor/wp-content/uploads/sites/51/2018/10/electro-placeholder-300x300.png" alt="" loading="lazy" /></a><!-- /.product-loop-header --><a href="https://demo.madrasthemes.com/electro-elementor/product-category/accessories/headphone-cases/" rel="tag">Headphone Cases</a><a href="https://demo.madrasthemes.com/electro-elementor/product/universal-headphones-case-in-black/"><h2>Universal Headphones Case in Black</h2>		
			<strong>0</strong> out of 5 (0)
			<ul>
<li>Brand new and high quality</li>
<li>Made of supreme quality, durable EVA crush resistant, anti-shock material.</li>
<li>Soft inner cloth lining, one mesh pocket inside.</li>
<li>Compact and functional hard case keeps items safe and extremely portable.</li>
<li>Force Touch trackpad (13-inch model)</li>
</ul>
				SKU: 5487FB8/28</a><!-- /.product-loop-body -->
	<bdi>&pound;159.00</bdi>
<a href="?add-to-cart=2440" data-quantity="1" data-product_id="2440" data-product_sku="5487FB8/28" aria-label="Add &ldquo;Universal Headphones Case in Black&rdquo; to your cart" rel="nofollow">Add to cart</a><!-- /.price-add-to-cart -->
			<!-- ADD TO WISHLIST -->
	<a
		href="?add_to_wishlist=2440&#038;_wpnonce=dc6ee3cf74"
		class="add_to_wishlist single_add_to_wishlist"
		data-product-id="2440"
		data-product-type="simple"
		data-original-product-id="2440"
		data-title="Wishlist"
		rel="nofollow"
	>
				Wishlist
	</a>
			<!-- COUNT TEXT -->
<!-- /.product-loop-footer --><!-- /.product-inner --><!-- /.product-outer --></li>
<li>
	<a href="https://demo.madrasthemes.com/electro-elementor/product-category/accessories/headphone-accessories/" rel="tag">Headphone Accessories</a><a href="https://demo.madrasthemes.com/electro-elementor/product/headphones-usb-wires/"><h2>Headphones USB Wires</h2><img width="300" height="300" src="https://demo.madrasthemes.com/electro-elementor/wp-content/uploads/sites/51/2018/10/electro-placeholder-300x300.png" alt="" loading="lazy" /></a><!-- /.product-loop-header --><a href="https://demo.madrasthemes.com/electro-elementor/product-category/accessories/headphone-accessories/" rel="tag">Headphone Accessories</a><a href="https://demo.madrasthemes.com/electro-elementor/product/headphones-usb-wires/"><h2>Headphones USB Wires</h2>		
			<strong>0</strong> out of 5 (0)
			<ul>
<li>High-fidelity stereo music and clear speech</li>
<li>100% Stable and Comfortable when exercising, running and other outdoor sports</li>
<li>Up to 6 hours music play</li>
<li>7 hours talking time</li>
<li>Force Touch trackpad (13-inch model)</li>
</ul>
				SKU: 5487FB8/27</a><!-- /.product-loop-body -->
	<bdi>&pound;50.00</bdi>
<a href="?add-to-cart=2441" data-quantity="1" data-product_id="2441" data-product_sku="5487FB8/27" aria-label="Add &ldquo;Headphones USB Wires&rdquo; to your cart" rel="nofollow">Add to cart</a><!-- /.price-add-to-cart -->
			<!-- ADD TO WISHLIST -->
	<a
		href="?add_to_wishlist=2441&#038;_wpnonce=dc6ee3cf74"
		class="add_to_wishlist single_add_to_wishlist"
		data-product-id="2441"
		data-product-type="simple"
		data-original-product-id="2441"
		data-title="Wishlist"
		rel="nofollow"
	>
				Wishlist
	</a>
			<!-- COUNT TEXT -->
<!-- /.product-loop-footer --><!-- /.product-inner --><!-- /.product-outer --></li>
<li>
	<a href="https://demo.madrasthemes.com/electro-elementor/product-category/accessories/headphones/" rel="tag">Headphones</a><a href="https://demo.madrasthemes.com/electro-elementor/product/ultra-wireless-s50-headphones-s50-with-bluetooth/"><h2>Ultra Wireless S50 Headphones S50 with Bluetooth</h2><img width="300" height="300" src="https://demo.madrasthemes.com/electro-elementor/wp-content/uploads/sites/51/2018/10/electro-placeholder-300x300.png" alt="" loading="lazy" /></a><!-- /.product-loop-header --><a href="https://demo.madrasthemes.com/electro-elementor/product-category/accessories/headphones/" rel="tag">Headphones</a><a href="https://demo.madrasthemes.com/electro-elementor/product/ultra-wireless-s50-headphones-s50-with-bluetooth/"><h2>Ultra Wireless S50 Headphones S50 with Bluetooth</h2>		
			Rated <strong>4.33</strong> out of 5 (3)
			<ul>
<li>4.5 inch HD Touch Screen (1280 x 720)</li>
<li>Android 4.4 KitKat OS</li>
<li>1.4 GHz Quad Core™ Processor</li>
<li>20 MP front and 28 megapixel CMOS rear camera</li>
</ul>
<p>Lorem ipsum dolor sit amet, consectetur adipisicing elit, sed do eiusmod tempor incididunt.</p>
<p><strong>SKU</strong>: FW511948218</p>
				SKU: FW511948218</a><!-- /.product-loop-body -->
	<bdi>&pound;35.00</bdi>
<a href="?add-to-cart=2439" data-quantity="1" data-product_id="2439" data-product_sku="FW511948218" aria-label="Add &ldquo;Ultra Wireless S50 Headphones S50 with Bluetooth&rdquo; to your cart" rel="nofollow">Add to cart</a><!-- /.price-add-to-cart -->
			<!-- ADD TO WISHLIST -->
	<a
		href="?add_to_wishlist=2439&#038;_wpnonce=dc6ee3cf74"
		class="add_to_wishlist single_add_to_wishlist"
		data-product-id="2439"
		data-product-type="simple"
		data-original-product-id="2439"
		data-title="Wishlist"
		rel="nofollow"
	>
				Wishlist
	</a>
			<!-- COUNT TEXT -->
<!-- /.product-loop-footer --><!-- /.product-inner --><!-- /.product-outer --></li>
<li>
	<a href="https://demo.madrasthemes.com/electro-elementor/product-category/tv-audio/audio-speakers/" rel="tag">Audio Speakers</a><a href="https://demo.madrasthemes.com/electro-elementor/product/wireless-audio-system-multiroom-360/"><h2>Wireless Audio System Multiroom 360</h2><img width="300" height="300" src="https://demo.madrasthemes.com/electro-elementor/wp-content/uploads/sites/51/2018/10/electro-placeholder-300x300.png" alt="" loading="lazy" /></a><!-- /.product-loop-header --><a href="https://demo.madrasthemes.com/electro-elementor/product-category/tv-audio/audio-speakers/" rel="tag">Audio Speakers</a><a href="https://demo.madrasthemes.com/electro-elementor/product/wireless-audio-system-multiroom-360/"><h2>Wireless Audio System Multiroom 360</h2>		
			<strong>0</strong> out of 5 (0)
			<ul>
<li>360 Omnidirectional Sound</li>
<li>Easy Intuitive Control</li>
<li>Multiroom App</li>
</ul>
				SKU: 5487FB8/25</a><!-- /.product-loop-body -->
	<bdi>&pound;2,299.00</bdi>
<a href="?add-to-cart=2603" data-quantity="1" data-product_id="2603" data-product_sku="5487FB8/25" aria-label="Add &ldquo;Wireless Audio System Multiroom 360&rdquo; to your cart" rel="nofollow">Add to cart</a><!-- /.price-add-to-cart -->
			<!-- ADD TO WISHLIST -->
	<a
		href="?add_to_wishlist=2603&#038;_wpnonce=dc6ee3cf74"
		class="add_to_wishlist single_add_to_wishlist"
		data-product-id="2603"
		data-product-type="simple"
		data-original-product-id="2603"
		data-title="Wishlist"
		rel="nofollow"
	>
				Wishlist
	</a>
			<!-- COUNT TEXT -->
<!-- /.product-loop-footer --><!-- /.product-inner --><!-- /.product-outer --></li>
<li>
	<a href="https://demo.madrasthemes.com/electro-elementor/product-category/laptops-computers/laptops-laptops-computers/" rel="tag">Laptops</a><a href="https://demo.madrasthemes.com/electro-elementor/product/tablet-white-elitebook-revolve-810-g2/"><h2>Tablet White EliteBook  Revolve 810 G2</h2><img width="300" height="300" src="https://demo.madrasthemes.com/electro-elementor/wp-content/uploads/sites/51/2018/10/electro-placeholder-300x300.png" alt="" loading="lazy" /></a><!-- /.product-loop-header --><a href="https://demo.madrasthemes.com/electro-elementor/product-category/laptops-computers/laptops-laptops-computers/" rel="tag">Laptops</a><a href="https://demo.madrasthemes.com/electro-elementor/product/tablet-white-elitebook-revolve-810-g2/"><h2>Tablet White EliteBook  Revolve 810 G2</h2>		
			Rated <strong>4.33</strong> out of 5 (3)
			<ul>
<li>Screen Size: 11.6&#8243;</li>
<li> Processor Type: Core i5</li>
<li> Processor Speed: 1.90 GHz</li>
<li>Standard Memory: 4 GB</li>
<li> Operating System: Windows 8.1 Pro</li>
</ul>
				SKU: 5487FB8/26</a><!-- /.product-loop-body -->
	<bdi>&pound;1,300.00</bdi>
<a href="?add-to-cart=2606" data-quantity="1" data-product_id="2606" data-product_sku="5487FB8/26" aria-label="Add &ldquo;Tablet White EliteBook  Revolve 810 G2&rdquo; to your cart" rel="nofollow">Add to cart</a><!-- /.price-add-to-cart -->
			<!-- ADD TO WISHLIST -->
	<a
		href="?add_to_wishlist=2606&#038;_wpnonce=dc6ee3cf74"
		class="add_to_wishlist single_add_to_wishlist"
		data-product-id="2606"
		data-product-type="simple"
		data-original-product-id="2606"
		data-title="Wishlist"
		rel="nofollow"
	>
				Wishlist
	</a>
			<!-- COUNT TEXT -->
<!-- /.product-loop-footer --><!-- /.product-inner --><!-- /.product-outer --></li>
<li>
	<a href="https://demo.madrasthemes.com/electro-elementor/product-category/accessories/headphones/" rel="tag">Headphones</a><a href="https://demo.madrasthemes.com/electro-elementor/product/purple-solo-2-wireless/"><h2>Purple Solo 2 Wireless</h2><img width="300" height="300" src="https://demo.madrasthemes.com/electro-elementor/wp-content/uploads/sites/51/2018/10/electro-placeholder-300x300.png" alt="" loading="lazy" /></a><!-- /.product-loop-header --><a href="https://demo.madrasthemes.com/electro-elementor/product-category/accessories/headphones/" rel="tag">Headphones</a><a href="https://demo.madrasthemes.com/electro-elementor/product/purple-solo-2-wireless/"><h2>Purple Solo 2 Wireless</h2>		
			<strong>0</strong> out of 5 (0)
			<ul>
<li>Fine-tuned acoustics for clarity, breadth and balance</li>
<li>Streamlined design for a custom-fit</li>
<li> Durable and foldable so you can take them on-the-go</li>
<li>ake calls and control music with RemoteTalk cable</li>
</ul>
				SKU: 5487FB8/24</a><!-- /.product-loop-body -->
	<bdi>&pound;248.00</bdi>
<a href="https://demo.madrasthemes.com/electro-elementor/product/purple-solo-2-wireless/" data-quantity="1" data-product_id="2608" data-product_sku="5487FB8/24" aria-label="Read more about &ldquo;Purple Solo 2 Wireless&rdquo;" rel="nofollow">Read more</a><!-- /.price-add-to-cart -->
			<!-- ADD TO WISHLIST -->
	<a
		href="?add_to_wishlist=2608&#038;_wpnonce=dc6ee3cf74"
		class="add_to_wishlist single_add_to_wishlist"
		data-product-id="2608"
		data-product-type="simple"
		data-original-product-id="2608"
		data-title="Wishlist"
		rel="nofollow"
	>
				Wishlist
	</a>
			<!-- COUNT TEXT -->
<!-- /.product-loop-footer --><!-- /.product-inner --><!-- /.product-outer --></li>
</ul>
</section>
							<a href="">
														<img src="https://demo.madrasthemes.com/electro-elementor/wp-content/uploads/sites/51/2018/10/electro-home-banner-1.png" alt="Banner Image">
														<strong>#STAYHOME</strong> AND CATCH BIG <strong>DEALS</strong> ON THE GAMES &amp; CONSOLES													
																			</a>
							<a href="#">
																											OFFICE LAPTOPSFOR WORK
																													FROM
																<sup>$</sup>749<sup>99</sup>															
																			</a>
							<a href="#">
																													<h6>LIMITED</h6>
																																											<h4>WEEK DEAL</h4>
																																											HURRY UP BEFORE OFFER WILL END
																			</a>
			<section >
        <header>
            <h2>New Products</h2>
        </header>
        <ul data-view="grid" data-bs-toggle="regular-products"><li>
	<a href="https://demo.madrasthemes.com/electro-elementor/product-category/accessories/headphone-cases/" rel="tag">Headphone Cases</a><a href="https://demo.madrasthemes.com/electro-elementor/product/universal-headphones-case-in-black/"><h2>Universal Headphones Case in Black</h2><img width="300" height="300" src="https://demo.madrasthemes.com/electro-elementor/wp-content/uploads/sites/51/2018/10/electro-placeholder-300x300.png" alt="" loading="lazy" /></a><!-- /.product-loop-header --><a href="https://demo.madrasthemes.com/electro-elementor/product-category/accessories/headphone-cases/" rel="tag">Headphone Cases</a><a href="https://demo.madrasthemes.com/electro-elementor/product/universal-headphones-case-in-black/"><h2>Universal Headphones Case in Black</h2>		
			<strong>0</strong> out of 5 (0)
			<ul>
<li>Brand new and high quality</li>
<li>Made of supreme quality, durable EVA crush resistant, anti-shock material.</li>
<li>Soft inner cloth lining, one mesh pocket inside.</li>
<li>Compact and functional hard case keeps items safe and extremely portable.</li>
<li>Force Touch trackpad (13-inch model)</li>
</ul>
				SKU: 5487FB8/28</a><!-- /.product-loop-body -->
	<bdi>&pound;159.00</bdi>
<a href="?add-to-cart=2440" data-quantity="1" data-product_id="2440" data-product_sku="5487FB8/28" aria-label="Add &ldquo;Universal Headphones Case in Black&rdquo; to your cart" rel="nofollow">Add to cart</a><!-- /.price-add-to-cart -->
			<!-- ADD TO WISHLIST -->
	<a
		href="?add_to_wishlist=2440&#038;_wpnonce=dc6ee3cf74"
		class="add_to_wishlist single_add_to_wishlist"
		data-product-id="2440"
		data-product-type="simple"
		data-original-product-id="2440"
		data-title="Wishlist"
		rel="nofollow"
	>
				Wishlist
	</a>
			<!-- COUNT TEXT -->
<!-- /.product-loop-footer --><!-- /.product-inner --><!-- /.product-outer --></li>
<li>
	<a href="https://demo.madrasthemes.com/electro-elementor/product-category/accessories/headphone-accessories/" rel="tag">Headphone Accessories</a><a href="https://demo.madrasthemes.com/electro-elementor/product/headphones-usb-wires/"><h2>Headphones USB Wires</h2><img width="300" height="300" src="https://demo.madrasthemes.com/electro-elementor/wp-content/uploads/sites/51/2018/10/electro-placeholder-300x300.png" alt="" loading="lazy" /></a><!-- /.product-loop-header --><a href="https://demo.madrasthemes.com/electro-elementor/product-category/accessories/headphone-accessories/" rel="tag">Headphone Accessories</a><a href="https://demo.madrasthemes.com/electro-elementor/product/headphones-usb-wires/"><h2>Headphones USB Wires</h2>		
			<strong>0</strong> out of 5 (0)
			<ul>
<li>High-fidelity stereo music and clear speech</li>
<li>100% Stable and Comfortable when exercising, running and other outdoor sports</li>
<li>Up to 6 hours music play</li>
<li>7 hours talking time</li>
<li>Force Touch trackpad (13-inch model)</li>
</ul>
				SKU: 5487FB8/27</a><!-- /.product-loop-body -->
	<bdi>&pound;50.00</bdi>
<a href="?add-to-cart=2441" data-quantity="1" data-product_id="2441" data-product_sku="5487FB8/27" aria-label="Add &ldquo;Headphones USB Wires&rdquo; to your cart" rel="nofollow">Add to cart</a><!-- /.price-add-to-cart -->
			<!-- ADD TO WISHLIST -->
	<a
		href="?add_to_wishlist=2441&#038;_wpnonce=dc6ee3cf74"
		class="add_to_wishlist single_add_to_wishlist"
		data-product-id="2441"
		data-product-type="simple"
		data-original-product-id="2441"
		data-title="Wishlist"
		rel="nofollow"
	>
				Wishlist
	</a>
			<!-- COUNT TEXT -->
<!-- /.product-loop-footer --><!-- /.product-inner --><!-- /.product-outer --></li>
<li>
	<a href="https://demo.madrasthemes.com/electro-elementor/product-category/accessories/headphones/" rel="tag">Headphones</a><a href="https://demo.madrasthemes.com/electro-elementor/product/ultra-wireless-s50-headphones-s50-with-bluetooth/"><h2>Ultra Wireless S50 Headphones S50 with Bluetooth</h2><img width="300" height="300" src="https://demo.madrasthemes.com/electro-elementor/wp-content/uploads/sites/51/2018/10/electro-placeholder-300x300.png" alt="" loading="lazy" /></a><!-- /.product-loop-header --><a href="https://demo.madrasthemes.com/electro-elementor/product-category/accessories/headphones/" rel="tag">Headphones</a><a href="https://demo.madrasthemes.com/electro-elementor/product/ultra-wireless-s50-headphones-s50-with-bluetooth/"><h2>Ultra Wireless S50 Headphones S50 with Bluetooth</h2>		
			Rated <strong>4.33</strong> out of 5 (3)
			<ul>
<li>4.5 inch HD Touch Screen (1280 x 720)</li>
<li>Android 4.4 KitKat OS</li>
<li>1.4 GHz Quad Core™ Processor</li>
<li>20 MP front and 28 megapixel CMOS rear camera</li>
</ul>
<p>Lorem ipsum dolor sit amet, consectetur adipisicing elit, sed do eiusmod tempor incididunt.</p>
<p><strong>SKU</strong>: FW511948218</p>
				SKU: FW511948218</a><!-- /.product-loop-body -->
	<bdi>&pound;35.00</bdi>
<a href="?add-to-cart=2439" data-quantity="1" data-product_id="2439" data-product_sku="FW511948218" aria-label="Add &ldquo;Ultra Wireless S50 Headphones S50 with Bluetooth&rdquo; to your cart" rel="nofollow">Add to cart</a><!-- /.price-add-to-cart -->
			<!-- ADD TO WISHLIST -->
	<a
		href="?add_to_wishlist=2439&#038;_wpnonce=dc6ee3cf74"
		class="add_to_wishlist single_add_to_wishlist"
		data-product-id="2439"
		data-product-type="simple"
		data-original-product-id="2439"
		data-title="Wishlist"
		rel="nofollow"
	>
				Wishlist
	</a>
			<!-- COUNT TEXT -->
<!-- /.product-loop-footer --><!-- /.product-inner --><!-- /.product-outer --></li>
<li>
	<a href="https://demo.madrasthemes.com/electro-elementor/product-category/tv-audio/audio-speakers/" rel="tag">Audio Speakers</a><a href="https://demo.madrasthemes.com/electro-elementor/product/wireless-audio-system-multiroom-360/"><h2>Wireless Audio System Multiroom 360</h2><img width="300" height="300" src="https://demo.madrasthemes.com/electro-elementor/wp-content/uploads/sites/51/2018/10/electro-placeholder-300x300.png" alt="" loading="lazy" /></a><!-- /.product-loop-header --><a href="https://demo.madrasthemes.com/electro-elementor/product-category/tv-audio/audio-speakers/" rel="tag">Audio Speakers</a><a href="https://demo.madrasthemes.com/electro-elementor/product/wireless-audio-system-multiroom-360/"><h2>Wireless Audio System Multiroom 360</h2>		
			<strong>0</strong> out of 5 (0)
			<ul>
<li>360 Omnidirectional Sound</li>
<li>Easy Intuitive Control</li>
<li>Multiroom App</li>
</ul>
				SKU: 5487FB8/25</a><!-- /.product-loop-body -->
	<bdi>&pound;2,299.00</bdi>
<a href="?add-to-cart=2603" data-quantity="1" data-product_id="2603" data-product_sku="5487FB8/25" aria-label="Add &ldquo;Wireless Audio System Multiroom 360&rdquo; to your cart" rel="nofollow">Add to cart</a><!-- /.price-add-to-cart -->
			<!-- ADD TO WISHLIST -->
	<a
		href="?add_to_wishlist=2603&#038;_wpnonce=dc6ee3cf74"
		class="add_to_wishlist single_add_to_wishlist"
		data-product-id="2603"
		data-product-type="simple"
		data-original-product-id="2603"
		data-title="Wishlist"
		rel="nofollow"
	>
				Wishlist
	</a>
			<!-- COUNT TEXT -->
<!-- /.product-loop-footer --><!-- /.product-inner --><!-- /.product-outer --></li>
<li>
	<a href="https://demo.madrasthemes.com/electro-elementor/product-category/laptops-computers/laptops-laptops-computers/" rel="tag">Laptops</a><a href="https://demo.madrasthemes.com/electro-elementor/product/tablet-white-elitebook-revolve-810-g2/"><h2>Tablet White EliteBook  Revolve 810 G2</h2><img width="300" height="300" src="https://demo.madrasthemes.com/electro-elementor/wp-content/uploads/sites/51/2018/10/electro-placeholder-300x300.png" alt="" loading="lazy" /></a><!-- /.product-loop-header --><a href="https://demo.madrasthemes.com/electro-elementor/product-category/laptops-computers/laptops-laptops-computers/" rel="tag">Laptops</a><a href="https://demo.madrasthemes.com/electro-elementor/product/tablet-white-elitebook-revolve-810-g2/"><h2>Tablet White EliteBook  Revolve 810 G2</h2>		
			Rated <strong>4.33</strong> out of 5 (3)
			<ul>
<li>Screen Size: 11.6&#8243;</li>
<li> Processor Type: Core i5</li>
<li> Processor Speed: 1.90 GHz</li>
<li>Standard Memory: 4 GB</li>
<li> Operating System: Windows 8.1 Pro</li>
</ul>
				SKU: 5487FB8/26</a><!-- /.product-loop-body -->
	<bdi>&pound;1,300.00</bdi>
<a href="?add-to-cart=2606" data-quantity="1" data-product_id="2606" data-product_sku="5487FB8/26" aria-label="Add &ldquo;Tablet White EliteBook  Revolve 810 G2&rdquo; to your cart" rel="nofollow">Add to cart</a><!-- /.price-add-to-cart -->
			<!-- ADD TO WISHLIST -->
	<a
		href="?add_to_wishlist=2606&#038;_wpnonce=dc6ee3cf74"
		class="add_to_wishlist single_add_to_wishlist"
		data-product-id="2606"
		data-product-type="simple"
		data-original-product-id="2606"
		data-title="Wishlist"
		rel="nofollow"
	>
				Wishlist
	</a>
			<!-- COUNT TEXT -->
<!-- /.product-loop-footer --><!-- /.product-inner --><!-- /.product-outer --></li>
<li>
	<a href="https://demo.madrasthemes.com/electro-elementor/product-category/accessories/headphones/" rel="tag">Headphones</a><a href="https://demo.madrasthemes.com/electro-elementor/product/purple-solo-2-wireless/"><h2>Purple Solo 2 Wireless</h2><img width="300" height="300" src="https://demo.madrasthemes.com/electro-elementor/wp-content/uploads/sites/51/2018/10/electro-placeholder-300x300.png" alt="" loading="lazy" /></a><!-- /.product-loop-header --><a href="https://demo.madrasthemes.com/electro-elementor/product-category/accessories/headphones/" rel="tag">Headphones</a><a href="https://demo.madrasthemes.com/electro-elementor/product/purple-solo-2-wireless/"><h2>Purple Solo 2 Wireless</h2>		
			<strong>0</strong> out of 5 (0)
			<ul>
<li>Fine-tuned acoustics for clarity, breadth and balance</li>
<li>Streamlined design for a custom-fit</li>
<li> Durable and foldable so you can take them on-the-go</li>
<li>ake calls and control music with RemoteTalk cable</li>
</ul>
				SKU: 5487FB8/24</a><!-- /.product-loop-body -->
	<bdi>&pound;248.00</bdi>
<a href="https://demo.madrasthemes.com/electro-elementor/product/purple-solo-2-wireless/" data-quantity="1" data-product_id="2608" data-product_sku="5487FB8/24" aria-label="Read more about &ldquo;Purple Solo 2 Wireless&rdquo;" rel="nofollow">Read more</a><!-- /.price-add-to-cart -->
			<!-- ADD TO WISHLIST -->
	<a
		href="?add_to_wishlist=2608&#038;_wpnonce=dc6ee3cf74"
		class="add_to_wishlist single_add_to_wishlist"
		data-product-id="2608"
		data-product-type="simple"
		data-original-product-id="2608"
		data-title="Wishlist"
		rel="nofollow"
	>
				Wishlist
	</a>
			<!-- COUNT TEXT -->
<!-- /.product-loop-footer --><!-- /.product-inner --><!-- /.product-outer --></li>
</ul>
</section>
			<section >
        <header>
            <h2>Recommendations</h2>
        </header>
        <ul data-view="grid" data-bs-toggle="regular-products"><li>
	<a href="https://demo.madrasthemes.com/electro-elementor/product-category/accessories/headphone-cases/" rel="tag">Headphone Cases</a><a href="https://demo.madrasthemes.com/electro-elementor/product/universal-headphones-case-in-black/"><h2>Universal Headphones Case in Black</h2><img width="300" height="300" src="https://demo.madrasthemes.com/electro-elementor/wp-content/uploads/sites/51/2018/10/electro-placeholder-300x300.png" alt="" loading="lazy" /></a><!-- /.product-loop-header --><a href="https://demo.madrasthemes.com/electro-elementor/product-category/accessories/headphone-cases/" rel="tag">Headphone Cases</a><a href="https://demo.madrasthemes.com/electro-elementor/product/universal-headphones-case-in-black/"><h2>Universal Headphones Case in Black</h2>		
			<strong>0</strong> out of 5 (0)
			<ul>
<li>Brand new and high quality</li>
<li>Made of supreme quality, durable EVA crush resistant, anti-shock material.</li>
<li>Soft inner cloth lining, one mesh pocket inside.</li>
<li>Compact and functional hard case keeps items safe and extremely portable.</li>
<li>Force Touch trackpad (13-inch model)</li>
</ul>
				SKU: 5487FB8/28</a><!-- /.product-loop-body -->
	<bdi>&pound;159.00</bdi>
<a href="?add-to-cart=2440" data-quantity="1" data-product_id="2440" data-product_sku="5487FB8/28" aria-label="Add &ldquo;Universal Headphones Case in Black&rdquo; to your cart" rel="nofollow">Add to cart</a><!-- /.price-add-to-cart -->
			<!-- ADD TO WISHLIST -->
	<a
		href="?add_to_wishlist=2440&#038;_wpnonce=dc6ee3cf74"
		class="add_to_wishlist single_add_to_wishlist"
		data-product-id="2440"
		data-product-type="simple"
		data-original-product-id="2440"
		data-title="Wishlist"
		rel="nofollow"
	>
				Wishlist
	</a>
			<!-- COUNT TEXT -->
<!-- /.product-loop-footer --><!-- /.product-inner --><!-- /.product-outer --></li>
<li>
	<a href="https://demo.madrasthemes.com/electro-elementor/product-category/accessories/headphone-accessories/" rel="tag">Headphone Accessories</a><a href="https://demo.madrasthemes.com/electro-elementor/product/headphones-usb-wires/"><h2>Headphones USB Wires</h2><img width="300" height="300" src="https://demo.madrasthemes.com/electro-elementor/wp-content/uploads/sites/51/2018/10/electro-placeholder-300x300.png" alt="" loading="lazy" /></a><!-- /.product-loop-header --><a href="https://demo.madrasthemes.com/electro-elementor/product-category/accessories/headphone-accessories/" rel="tag">Headphone Accessories</a><a href="https://demo.madrasthemes.com/electro-elementor/product/headphones-usb-wires/"><h2>Headphones USB Wires</h2>		
			<strong>0</strong> out of 5 (0)
			<ul>
<li>High-fidelity stereo music and clear speech</li>
<li>100% Stable and Comfortable when exercising, running and other outdoor sports</li>
<li>Up to 6 hours music play</li>
<li>7 hours talking time</li>
<li>Force Touch trackpad (13-inch model)</li>
</ul>
				SKU: 5487FB8/27</a><!-- /.product-loop-body -->
	<bdi>&pound;50.00</bdi>
<a href="?add-to-cart=2441" data-quantity="1" data-product_id="2441" data-product_sku="5487FB8/27" aria-label="Add &ldquo;Headphones USB Wires&rdquo; to your cart" rel="nofollow">Add to cart</a><!-- /.price-add-to-cart -->
			<!-- ADD TO WISHLIST -->
	<a
		href="?add_to_wishlist=2441&#038;_wpnonce=dc6ee3cf74"
		class="add_to_wishlist single_add_to_wishlist"
		data-product-id="2441"
		data-product-type="simple"
		data-original-product-id="2441"
		data-title="Wishlist"
		rel="nofollow"
	>
				Wishlist
	</a>
			<!-- COUNT TEXT -->
<!-- /.product-loop-footer --><!-- /.product-inner --><!-- /.product-outer --></li>
<li>
	<a href="https://demo.madrasthemes.com/electro-elementor/product-category/accessories/headphones/" rel="tag">Headphones</a><a href="https://demo.madrasthemes.com/electro-elementor/product/ultra-wireless-s50-headphones-s50-with-bluetooth/"><h2>Ultra Wireless S50 Headphones S50 with Bluetooth</h2><img width="300" height="300" src="https://demo.madrasthemes.com/electro-elementor/wp-content/uploads/sites/51/2018/10/electro-placeholder-300x300.png" alt="" loading="lazy" /></a><!-- /.product-loop-header --><a href="https://demo.madrasthemes.com/electro-elementor/product-category/accessories/headphones/" rel="tag">Headphones</a><a href="https://demo.madrasthemes.com/electro-elementor/product/ultra-wireless-s50-headphones-s50-with-bluetooth/"><h2>Ultra Wireless S50 Headphones S50 with Bluetooth</h2>		
			Rated <strong>4.33</strong> out of 5 (3)
			<ul>
<li>4.5 inch HD Touch Screen (1280 x 720)</li>
<li>Android 4.4 KitKat OS</li>
<li>1.4 GHz Quad Core™ Processor</li>
<li>20 MP front and 28 megapixel CMOS rear camera</li>
</ul>
<p>Lorem ipsum dolor sit amet, consectetur adipisicing elit, sed do eiusmod tempor incididunt.</p>
<p><strong>SKU</strong>: FW511948218</p>
				SKU: FW511948218</a><!-- /.product-loop-body -->
	<bdi>&pound;35.00</bdi>
<a href="?add-to-cart=2439" data-quantity="1" data-product_id="2439" data-product_sku="FW511948218" aria-label="Add &ldquo;Ultra Wireless S50 Headphones S50 with Bluetooth&rdquo; to your cart" rel="nofollow">Add to cart</a><!-- /.price-add-to-cart -->
			<!-- ADD TO WISHLIST -->
	<a
		href="?add_to_wishlist=2439&#038;_wpnonce=dc6ee3cf74"
		class="add_to_wishlist single_add_to_wishlist"
		data-product-id="2439"
		data-product-type="simple"
		data-original-product-id="2439"
		data-title="Wishlist"
		rel="nofollow"
	>
				Wishlist
	</a>
			<!-- COUNT TEXT -->
<!-- /.product-loop-footer --><!-- /.product-inner --><!-- /.product-outer --></li>
<li>
	<a href="https://demo.madrasthemes.com/electro-elementor/product-category/tv-audio/audio-speakers/" rel="tag">Audio Speakers</a><a href="https://demo.madrasthemes.com/electro-elementor/product/wireless-audio-system-multiroom-360/"><h2>Wireless Audio System Multiroom 360</h2><img width="300" height="300" src="https://demo.madrasthemes.com/electro-elementor/wp-content/uploads/sites/51/2018/10/electro-placeholder-300x300.png" alt="" loading="lazy" /></a><!-- /.product-loop-header --><a href="https://demo.madrasthemes.com/electro-elementor/product-category/tv-audio/audio-speakers/" rel="tag">Audio Speakers</a><a href="https://demo.madrasthemes.com/electro-elementor/product/wireless-audio-system-multiroom-360/"><h2>Wireless Audio System Multiroom 360</h2>		
			<strong>0</strong> out of 5 (0)
			<ul>
<li>360 Omnidirectional Sound</li>
<li>Easy Intuitive Control</li>
<li>Multiroom App</li>
</ul>
				SKU: 5487FB8/25</a><!-- /.product-loop-body -->
	<bdi>&pound;2,299.00</bdi>
<a href="?add-to-cart=2603" data-quantity="1" data-product_id="2603" data-product_sku="5487FB8/25" aria-label="Add &ldquo;Wireless Audio System Multiroom 360&rdquo; to your cart" rel="nofollow">Add to cart</a><!-- /.price-add-to-cart -->
			<!-- ADD TO WISHLIST -->
	<a
		href="?add_to_wishlist=2603&#038;_wpnonce=dc6ee3cf74"
		class="add_to_wishlist single_add_to_wishlist"
		data-product-id="2603"
		data-product-type="simple"
		data-original-product-id="2603"
		data-title="Wishlist"
		rel="nofollow"
	>
				Wishlist
	</a>
			<!-- COUNT TEXT -->
<!-- /.product-loop-footer --><!-- /.product-inner --><!-- /.product-outer --></li>
<li>
	<a href="https://demo.madrasthemes.com/electro-elementor/product-category/laptops-computers/laptops-laptops-computers/" rel="tag">Laptops</a><a href="https://demo.madrasthemes.com/electro-elementor/product/tablet-white-elitebook-revolve-810-g2/"><h2>Tablet White EliteBook  Revolve 810 G2</h2><img width="300" height="300" src="https://demo.madrasthemes.com/electro-elementor/wp-content/uploads/sites/51/2018/10/electro-placeholder-300x300.png" alt="" loading="lazy" /></a><!-- /.product-loop-header --><a href="https://demo.madrasthemes.com/electro-elementor/product-category/laptops-computers/laptops-laptops-computers/" rel="tag">Laptops</a><a href="https://demo.madrasthemes.com/electro-elementor/product/tablet-white-elitebook-revolve-810-g2/"><h2>Tablet White EliteBook  Revolve 810 G2</h2>		
			Rated <strong>4.33</strong> out of 5 (3)
			<ul>
<li>Screen Size: 11.6&#8243;</li>
<li> Processor Type: Core i5</li>
<li> Processor Speed: 1.90 GHz</li>
<li>Standard Memory: 4 GB</li>
<li> Operating System: Windows 8.1 Pro</li>
</ul>
				SKU: 5487FB8/26</a><!-- /.product-loop-body -->
	<bdi>&pound;1,300.00</bdi>
<a href="?add-to-cart=2606" data-quantity="1" data-product_id="2606" data-product_sku="5487FB8/26" aria-label="Add &ldquo;Tablet White EliteBook  Revolve 810 G2&rdquo; to your cart" rel="nofollow">Add to cart</a><!-- /.price-add-to-cart -->
			<!-- ADD TO WISHLIST -->
	<a
		href="?add_to_wishlist=2606&#038;_wpnonce=dc6ee3cf74"
		class="add_to_wishlist single_add_to_wishlist"
		data-product-id="2606"
		data-product-type="simple"
		data-original-product-id="2606"
		data-title="Wishlist"
		rel="nofollow"
	>
				Wishlist
	</a>
			<!-- COUNT TEXT -->
<!-- /.product-loop-footer --><!-- /.product-inner --><!-- /.product-outer --></li>
<li>
	<a href="https://demo.madrasthemes.com/electro-elementor/product-category/accessories/headphones/" rel="tag">Headphones</a><a href="https://demo.madrasthemes.com/electro-elementor/product/purple-solo-2-wireless/"><h2>Purple Solo 2 Wireless</h2><img width="300" height="300" src="https://demo.madrasthemes.com/electro-elementor/wp-content/uploads/sites/51/2018/10/electro-placeholder-300x300.png" alt="" loading="lazy" /></a><!-- /.product-loop-header --><a href="https://demo.madrasthemes.com/electro-elementor/product-category/accessories/headphones/" rel="tag">Headphones</a><a href="https://demo.madrasthemes.com/electro-elementor/product/purple-solo-2-wireless/"><h2>Purple Solo 2 Wireless</h2>		
			<strong>0</strong> out of 5 (0)
			<ul>
<li>Fine-tuned acoustics for clarity, breadth and balance</li>
<li>Streamlined design for a custom-fit</li>
<li> Durable and foldable so you can take them on-the-go</li>
<li>ake calls and control music with RemoteTalk cable</li>
</ul>
				SKU: 5487FB8/24</a><!-- /.product-loop-body -->
	<bdi>&pound;248.00</bdi>
<a href="https://demo.madrasthemes.com/electro-elementor/product/purple-solo-2-wireless/" data-quantity="1" data-product_id="2608" data-product_sku="5487FB8/24" aria-label="Read more about &ldquo;Purple Solo 2 Wireless&rdquo;" rel="nofollow">Read more</a><!-- /.price-add-to-cart -->
			<!-- ADD TO WISHLIST -->
	<a
		href="?add_to_wishlist=2608&#038;_wpnonce=dc6ee3cf74"
		class="add_to_wishlist single_add_to_wishlist"
		data-product-id="2608"
		data-product-type="simple"
		data-original-product-id="2608"
		data-title="Wishlist"
		rel="nofollow"
	>
				Wishlist
	</a>
			<!-- COUNT TEXT -->
<!-- /.product-loop-footer --><!-- /.product-inner --><!-- /.product-outer --></li>
</ul>
</section>
			<section>
							<header>
					<h2>Tips &amp; Inspirations</h2>
				</header>
									<a href="https://demo.madrasthemes.com/electro-elementor/2016/02/25/2381/">
										<img src="https://demo.madrasthemes.com/electro-elementor/wp-content/uploads/sites/51/2018/10/electro-placeholder-blog-1.png" alt="Post Image" style="height285px;object-fit: cover;">
									</a>
																											<a href="https://demo.madrasthemes.com/electro-elementor/category/news/">News</a>
																					, 																													<a href="https://demo.madrasthemes.com/electro-elementor/category/social/">Social</a>
																					, 																													<a href="https://demo.madrasthemes.com/electro-elementor/category/uncategorized/">Uncategorized</a>
																																			<h4 style="font-size:20px;">
									<a href="https://demo.madrasthemes.com/electro-elementor/2016/02/25/2381/">Post format with link</a>
								</h4>
																	<p style="color:#878787;letter-spacing: .1px;">Lorem ipsum dolor sit amet, consectetur adipiscing elit. Sed tincidunt, erat in malesuada aliquam, est erat faucibus purus, eget viverra nulla sem vitae neque. Quisque id sodales libero. In nec enim nisi, in ultricies quam. Sed lacinia feugiat velit, cursus molestie lectus.</p>
									<a href="https://demo.madrasthemes.com/electro-elementor/2016/02/25/2383/">
										<img src="https://demo.madrasthemes.com/electro-elementor/wp-content/uploads/sites/51/2018/10/electro-placeholder-blog-2.png" alt="Post Image" style="height285px;object-fit: cover;">
									</a>
																											<a href="https://demo.madrasthemes.com/electro-elementor/category/links-quotes/">Links &amp; Quotes</a>
																					, 																													<a href="https://demo.madrasthemes.com/electro-elementor/category/uncategorized/">Uncategorized</a>
																																			<h4 style="font-size:20px;">
									<a href="https://demo.madrasthemes.com/electro-elementor/2016/02/25/2383/">Post Format Quote</a>
								</h4>
																	<p style="color:#878787;letter-spacing: .1px;">Lorem ipsum dolor sit amet, consectetur adipiscing elit. Sed tincidunt, erat in malesuada aliquam, est erat faucibus purus, eget viverra nulla sem vitae neque. Quisque id sodales libero. In nec enim nisi, in ultricies quam. Sed lacinia feugiat velit, cursus molestie lectus.</p>
					</section>		
			<section>
							<header>
					<h2>Known Brands</h2>
				</header>
													<a href="https://demo.madrasthemes.com/electro-elementor/brands/acer/">
																			<img src="https://demo.madrasthemes.com/electro-elementor/wp-content/uploads/sites/51/2018/10/electro-brand-placeholder.png" alt="Acer" width="200" height="60">
															<p style="color:#878787;letter-spacing: .1px;">Brings you the best in music, plus all things culture, style, and sports</p>
																											</a>
													<a href="https://demo.madrasthemes.com/electro-elementor/brands/apple/">
																			<img src="https://demo.madrasthemes.com/electro-elementor/wp-content/uploads/sites/51/2018/10/electro-brand-placeholder.png" alt="Apple" width="200" height="60">
															<p style="color:#878787;letter-spacing: .1px;">Brings you the best in music, plus all things culture, style, and sports</p>
																											</a>
													<a href="https://demo.madrasthemes.com/electro-elementor/brands/asus/">
																			<img src="https://demo.madrasthemes.com/electro-elementor/wp-content/uploads/sites/51/2018/10/electro-brand-placeholder.png" alt="Asus" width="200" height="60">
															<p style="color:#878787;letter-spacing: .1px;">Brings you the best in music, plus all things culture, style, and sports</p>
																											</a>
													<a href="https://demo.madrasthemes.com/electro-elementor/brands/dell/">
																			<img src="https://demo.madrasthemes.com/electro-elementor/wp-content/uploads/sites/51/2018/10/electro-brand-placeholder.png" alt="Dell" width="200" height="60">
															<p style="color:#878787;letter-spacing: .1px;">Brings you the best in music, plus all things culture, style, and sports</p>
																											</a>
													<a href="https://demo.madrasthemes.com/electro-elementor/brands/gionee/">
																			<img src="https://demo.madrasthemes.com/electro-elementor/wp-content/uploads/sites/51/2018/10/electro-brand-placeholder.png" alt="Gionee" width="200" height="60">
															<p style="color:#878787;letter-spacing: .1px;">Brings you the best in music, plus all things culture, style, and sports</p>
																											</a>
		</section>]]></content:encoded>
		<excerpt:encoded><![CDATA[]]></excerpt:encoded>
		<wp:post_id>5876</wp:post_id>
		<wp:post_date><![CDATA[2022-06-27 08:20:26]]></wp:post_date>
		<wp:post_date_gmt><![CDATA[2022-06-27 08:20:26]]></wp:post_date_gmt>
		<wp:post_modified><![CDATA[2022-06-27 08:21:33]]></wp:post_modified>
		<wp:post_modified_gmt><![CDATA[2022-06-27 08:21:33]]></wp:post_modified_gmt>
		<wp:comment_status><![CDATA[closed]]></wp:comment_status>
		<wp:ping_status><![CDATA[closed]]></wp:ping_status>
		<wp:post_name><![CDATA[home-v12-elementor]]></wp:post_name>
		<wp:status><![CDATA[publish]]></wp:status>
		<wp:post_parent>0</wp:post_parent>
		<wp:menu_order>0</wp:menu_order>
		<wp:post_type><![CDATA[elementor_library]]></wp:post_type>
		<wp:post_password><![CDATA[]]></wp:post_password>
		<wp:is_sticky>0</wp:is_sticky>
										<category domain="elementor_library_type" nicename="page"><![CDATA[page]]></category>
						<wp:postmeta>
		<wp:meta_key><![CDATA[_elementor_edit_mode]]></wp:meta_key>
		<wp:meta_value><![CDATA[builder]]></wp:meta_value>
		</wp:postmeta>
							<wp:postmeta>
		<wp:meta_key><![CDATA[_elementor_template_type]]></wp:meta_key>
		<wp:meta_value><![CDATA[page]]></wp:meta_value>
		</wp:postmeta>
							<wp:postmeta>
		<wp:meta_key><![CDATA[_elementor_version]]></wp:meta_key>
		<wp:meta_value><![CDATA[3.5.5]]></wp:meta_value>
		</wp:postmeta>
							<wp:postmeta>
		<wp:meta_key><![CDATA[_wp_page_template]]></wp:meta_key>
		<wp:meta_value><![CDATA[elementor_header_footer]]></wp:meta_value>
		</wp:postmeta>
							<wp:postmeta>
		<wp:meta_key><![CDATA[_elementor_data]]></wp:meta_key>
		<wp:meta_value><![CDATA[[{"id":"42cc0ab3","elType":"section","settings":{"layout":"full_width","html_tag":"div"},"elements":[{"id":"63d36089","elType":"column","settings":{"_column_size":100,"_inline_size":null,"space_between_widgets":0,"widget_wrapper_css":"p-0"},"elements":[{"id":"5549e3c0","elType":"widget","settings":{"revslidertitle":"Home-v12-slider","shortcode":"[rev_slider alias=\"home-v12-slider\" slidertitle=\"Home-v12-slider\"][\/rev_slider]"},"elements":[],"widgetType":"slider_revolution"}],"isInner":false}],"isInner":false},{"id":"4bbffb3d","elType":"section","settings":{"layout":"full_width","css_classes":"py-4 px-4 px-xl-5 mb-5 body-inner-bg"},"elements":[{"id":"1793dfbf","elType":"column","settings":{"_column_size":100,"_inline_size":null,"space_between_widgets":0,"widget_wrapper_css":"p-0"},"elements":[{"id":"4f61556a","elType":"widget","settings":{"columns":"5","limit":"5","orderby":"name","has_no_products":"true"},"elements":[],"widgetType":"electro_home_categories_block_v2"},{"id":"296b5f71","elType":"widget","settings":{"title":"Hot Products Today","limit":"6","columns":"6","columns_wide":"6","orderby":"date","order":"ASC","cat_operator":"IN","header_class":"mb-0","el_class":"mb-5"},"elements":[],"widgetType":"electro_elementor_two_row_products_block"},{"id":"5b5057f","elType":"widget","settings":{"b1_description":"<strong>#STAYHOME<\/strong> AND CATCH BIG <strong>DEALS<\/strong> ON THE GAMES &amp; CONSOLES","b2_description":"OFFICE LAPTOPS\u0003FOR WORK","b2_price_pre_text":"FROM","b2_price_text":"<sup class=\"h5 fw-bold mb-0\">$<\/sup>749<sup class=\"h5 fw-bold mb-0\">99<\/sup>","b3_title":"LIMITED","b3_subtitle":"WEEK DEAL","b3_description":"HURRY UP BEFORE OFFER WILL END","b1_bg_image":{"id":5024,"url":"https:\/\/demo.madrasthemes.com\/electro-elementor\/wp-content\/uploads\/sites\/51\/2018\/10\/electro-home-placeholder-background-2.png","alt":"","source":"library"},"b1_image":{"id":5007,"url":"https:\/\/demo.madrasthemes.com\/electro-elementor\/wp-content\/uploads\/sites\/51\/2018\/10\/electro-home-banner-1.png","alt":"","source":"library"},"b2_bg_image":{"id":5300,"url":"https:\/\/demo.madrasthemes.com\/electro-elementor\/wp-content\/uploads\/sites\/51\/2021\/10\/home-v9-banner-featured-ph.png","alt":"","source":"library"},"b2_action_link":"#","b3_bg_image":{"id":5300,"url":"https:\/\/demo.madrasthemes.com\/electro-elementor\/wp-content\/uploads\/sites\/51\/2021\/10\/home-v9-banner-featured-ph.png","alt":"","source":"library"},"b3_action_link":"#"},"elements":[],"widgetType":"electro_elementor_three_banners"},{"id":"aa2a421","elType":"widget","settings":{"title":"New Products","limit":"6","columns":"6","columns_wide":"6","orderby":"date","order":"ASC","cat_operator":"IN","header_class":"mb-0","el_class":"mb-5"},"elements":[],"widgetType":"electro_elementor_two_row_products_block"},{"id":"469aa1f5","elType":"widget","settings":{"title":"Recommendations","limit":"6","columns":"6","columns_wide":"6","orderby":"date","order":"ASC","cat_operator":"IN","header_class":"mb-0","el_class":"mb-5"},"elements":[],"widgetType":"electro_elementor_two_row_products_block"},{"id":"2792420c","elType":"widget","settings":{"title":"Tips &amp; Inspirations","columns":"2","limit":"2","orderby":"date","order":"ASC"},"elements":[],"widgetType":"electro_elementor_blog_posts_block"},{"id":"2d22f5ef","elType":"widget","settings":{"title":"Known Brands","columns":"3","limit":"5","orderby":"date","has_no_products":""},"elements":[],"widgetType":"electro_elementor_brands_block"}],"isInner":false}],"isInner":false}]]]></wp:meta_value>
		</wp:postmeta>
							<wp:postmeta>
		<wp:meta_key><![CDATA[_elementor_page_assets]]></wp:meta_key>
		<wp:meta_value><![CDATA[a:0:{}]]></wp:meta_value>
		</wp:postmeta>
							<wp:postmeta>
		<wp:meta_key><![CDATA[_edit_last]]></wp:meta_key>
		<wp:meta_value><![CDATA[1208]]></wp:meta_value>
		</wp:postmeta>
							<wp:postmeta>
		<wp:meta_key><![CDATA[rs_page_bg_color]]></wp:meta_key>
		<wp:meta_value><![CDATA[]]></wp:meta_value>
		</wp:postmeta>
							</item>
					
					
				</channel>
</rss>
	