[{"fields":{"2":{"id":"2","type":"email","label":"Email","description":"","required":"1","size":"large","placeholder":"Enter your email address","confirmation_placeholder":"Enter your email address","default_value":false,"filter_type":"","allowlist":"","denylist":"","css":"","label_hide":"1"}},"id":"1926","field_id":3,"settings":{"form_title":"Home-v15-Subscribe Form","form_desc":"","submit_text":"SUBSCRIBE","submit_text_processing":"Sending...","form_class":"home-v15-newsletter","submit_class":"","ajax_submit":"1","notification_enable":"1","notifications":{"1":{"email":"{admin_email}","subject":"New Entry: Home-v15-Subscribe Form","sender_name":"home v14","sender_address":"{admin_email}","replyto":"{field_id=\"2\"}","message":"{all_fields}"}},"confirmations":{"1":{"type":"message","message":"<p>Thanks for signing up for the newsletter! We'll be in touch soon.<\/p>","message_scroll":"1","page":"2","redirect":""}},"antispam":"1","anti_spam":{"time_limit":{"duration":"3"}},"form_tags":[]},"meta":{"template":"4bf2a29bffb74b5530d89949041b535d"}}]