[{"fields":{"1":{"id":"1","type":"email","label":"Email","description":"","required":"1","size":"medium","placeholder":"Enter your email address","confirmation_placeholder":"Enter your email address","default_value":false,"filter_type":"","allowlist":"","denylist":"","css":"","label_hide":"1"}},"id":"410","field_id":2,"settings":{"form_title":"Home-v14-Subscribe Form","form_desc":"","submit_text":"SUBSCRIBE","submit_text_processing":"Sending...","form_class":"","submit_class":"","ajax_submit":"1","notification_enable":"1","notifications":{"1":{"email":"{admin_email}","subject":"New Blank Form Entry","sender_name":"home v14","sender_address":"{admin_email}","replyto":"","message":"{all_fields}"}},"confirmations":{"1":{"type":"message","message":"<p>Thanks for contacting us! We will be in touch with you shortly.<\/p>","message_scroll":"1","page":"10","redirect":""}},"antispam":"1","anti_spam":{"time_limit":{"duration":"3"}},"form_tags":[]},"meta":{"template":"blank"}}]