<?xml version="1.0" encoding="UTF-8" ?>
<!-- This is a WordPress eXtended RSS file generated by WordPress as an export of your site. -->
<!-- It contains information about your site's posts, pages, comments, categories, and other content. -->
<!-- You may use this file to transfer that content from one site to another. -->
<!-- This file is not intended to serve as a complete backup of your site. -->

<!-- To import this information into a WordPress site follow these steps: -->
<!-- 1. Log in to that site as an administrator. -->
<!-- 2. Go to Tools: Import in the WordPress admin panel. -->
<!-- 3. Install the "WordPress" importer from the list. -->
<!-- 4. Activate & Run Importer. -->
<!-- 5. Upload this file using the form provided on that page. -->
<!-- 6. You will first be asked to map the authors in this export file to users -->
<!--    on the site. For each author, you may choose to map to an -->
<!--    existing user on the site or to create a new user. -->
<!-- 7. WordPress will then import each of the posts, pages, comments, categories, etc. -->
<!--    contained in this file into your site. -->

	<!-- generator="WordPress/5.9.3" created="2022-06-27 11:12" -->
<rss version="2.0" xmlns:excerpt="http://wordpress.org/export/1.2/excerpt/" xmlns:content="http://purl.org/rss/1.0/modules/content/" xmlns:wfw="http://wellformedweb.org/CommentAPI/" xmlns:dc="http://purl.org/dc/elements/1.1/" xmlns:wp="http://wordpress.org/export/1.2/">

<channel>
	<title>Electro</title>
	<link>https://demo.madrasthemes.com/electro-elementor</link>
	<description>Electronics Store WooCommerce Theme</description>
	<pubDate>Mon, 27 Jun 2022 11:12:09 +0000</pubDate>
	<language>en-US</language>
	<wp:wxr_version>1.2</wp:wxr_version>
	<wp:base_site_url>https://demo.madrasthemes.com/</wp:base_site_url>
	<wp:base_blog_url>https://demo.madrasthemes.com/electro-elementor</wp:base_blog_url>

		<wp:author><wp:author_id>6</wp:author_id><wp:author_login><![CDATA[abbas]]></wp:author_login><wp:author_email><![CDATA[abbas@example.com]]></wp:author_email><wp:author_display_name><![CDATA[abbas]]></wp:author_display_name><wp:author_first_name><![CDATA[]]></wp:author_first_name><wp:author_last_name><![CDATA[]]></wp:author_last_name></wp:author>
	<wp:author><wp:author_id>1208</wp:author_id><wp:author_login><![CDATA[haled]]></wp:author_login><wp:author_email><![CDATA[haled@example.com]]></wp:author_email><wp:author_display_name><![CDATA[haled]]></wp:author_display_name><wp:author_first_name><![CDATA[]]></wp:author_first_name><wp:author_last_name><![CDATA[]]></wp:author_last_name></wp:author>

				
	<generator>https://wordpress.org/?v=5.9.3</generator>

		
					
					
					
					
					
					
					
					
					
					
					
					
					
					
					
					
					<item>
		<title><![CDATA[Home v11 Elementor]]></title>
		<link>https://demo.madrasthemes.com/electro-elementor/?elementor_library=home-v11-elementor</link>
		<pubDate>Mon, 27 Jun 2022 08:24:21 +0000</pubDate>
		<dc:creator><![CDATA[haled]]></dc:creator>
		<guid isPermaLink="false">https://demo.madrasthemes.com/electro-elementor/?elementor_library=home-v11-elementor</guid>
		<description/>
		<content:encoded><![CDATA[<h6>Brands:</h6>
															<a href="https://demo.madrasthemes.com/electro-elementor/brands/acer/">
													<img src="https://demo.madrasthemes.com/electro-elementor/wp-content/uploads/sites/51/2018/10/electro-brand-placeholder.png" alt="Acer" width="200" height="60">
									</a>
																<a href="https://demo.madrasthemes.com/electro-elementor/brands/apple/">
													<img src="https://demo.madrasthemes.com/electro-elementor/wp-content/uploads/sites/51/2018/10/electro-brand-placeholder.png" alt="Apple" width="200" height="60">
									</a>
																<a href="https://demo.madrasthemes.com/electro-elementor/brands/asus/">
													<img src="https://demo.madrasthemes.com/electro-elementor/wp-content/uploads/sites/51/2018/10/electro-brand-placeholder.png" alt="Asus" width="200" height="60">
									</a>
																<a href="https://demo.madrasthemes.com/electro-elementor/brands/gionee/">
													<img src="https://demo.madrasthemes.com/electro-elementor/wp-content/uploads/sites/51/2018/10/electro-brand-placeholder.png" alt="Gionee" width="200" height="60">
									</a>
																<a href="https://demo.madrasthemes.com/electro-elementor/brands/htc/">
													<img src="https://demo.madrasthemes.com/electro-elementor/wp-content/uploads/sites/51/2018/10/electro-brand-placeholder.png" alt="HTC" width="200" height="60">
									</a>
																<a href="https://demo.madrasthemes.com/electro-elementor/brands/lg/">
													<img src="https://demo.madrasthemes.com/electro-elementor/wp-content/uploads/sites/51/2018/10/electro-brand-placeholder.png" alt="LG" width="200" height="60">
									</a>
														<a href="">+ More Brands</a>
					<img src="https://demo.madrasthemes.com/electro-elementor/wp-content/uploads/sites/51/2018/10/electro-category-placeholder.png" alt="Accessories">
													<a href="https://demo.madrasthemes.com/electro-elementor/product-category/accessories/">
							</a>
												<h6>Accessories</h6>
																			<ul>
																	<li>
										<a href="https://demo.madrasthemes.com/electro-elementor/product-category/accessories/cases/">Cases</a>
									</li>
																	<li>
										<a href="https://demo.madrasthemes.com/electro-elementor/product-category/accessories/chargers/">Chargers</a>
									</li>
																	<li>
										<a href="https://demo.madrasthemes.com/electro-elementor/product-category/accessories/headphone-accessories/">Headphone Accessories</a>
									</li>
																	<li>
										<a href="https://demo.madrasthemes.com/electro-elementor/product-category/accessories/headphone-cases/">Headphone Cases</a>
									</li>
																	<li>
										<a href="https://demo.madrasthemes.com/electro-elementor/product-category/accessories/headphones/">Headphones</a>
									</li>
																									<li>
										<a href="https://demo.madrasthemes.com/electro-elementor/product-category/accessories/">...</a>
									</li>
															</ul>
					<img src="https://demo.madrasthemes.com/electro-elementor/wp-content/uploads/sites/51/2018/10/electro-category-placeholder.png" alt="Cameras &amp; Photography">
													<a href="https://demo.madrasthemes.com/electro-elementor/product-category/cameras-photography/">
							</a>
												<h6>Cameras &amp; Photography</h6>
																			<ul>
																	<li>
										<a href="https://demo.madrasthemes.com/electro-elementor/product-category/cameras-photography/cameras/">Cameras</a>
									</li>
																	<li>
										<a href="https://demo.madrasthemes.com/electro-elementor/product-category/cameras-photography/photo-cameras/">Photo Cameras</a>
									</li>
																	<li>
										<a href="https://demo.madrasthemes.com/electro-elementor/product-category/cameras-photography/photo-cameras-2/">Photo Cameras</a>
									</li>
																	<li>
										<a href="https://demo.madrasthemes.com/electro-elementor/product-category/cameras-photography/video-cameras/">Video Cameras</a>
									</li>
																									<li>
										<a href="https://demo.madrasthemes.com/electro-elementor/product-category/cameras-photography/">...</a>
									</li>
															</ul>
					<img src="https://demo.madrasthemes.com/electro-elementor/wp-content/uploads/sites/51/2018/10/electro-category-placeholder.png" alt="Computer Components">
													<a href="https://demo.madrasthemes.com/electro-elementor/product-category/computer-components/">
							</a>
												<h6>Computer Components</h6>
																			<ul>
																	<li>
										<a href="https://demo.madrasthemes.com/electro-elementor/product-category/computer-components/computer-cases/">Computer Cases</a>
									</li>
																	<li>
										<a href="https://demo.madrasthemes.com/electro-elementor/product-category/computer-components/desktops/">Desktops</a>
									</li>
																	<li>
										<a href="https://demo.madrasthemes.com/electro-elementor/product-category/computer-components/monitors/">Monitors</a>
									</li>
																	<li>
										<a href="https://demo.madrasthemes.com/electro-elementor/product-category/computer-components/software-computer-components/">Software</a>
									</li>
																									<li>
										<a href="https://demo.madrasthemes.com/electro-elementor/product-category/computer-components/">...</a>
									</li>
															</ul>
					<img src="https://demo.madrasthemes.com/electro-elementor/wp-content/uploads/sites/51/2018/10/electro-category-placeholder.png" alt="Gadgets">
													<a href="https://demo.madrasthemes.com/electro-elementor/product-category/gadgets/">
							</a>
												<h6>Gadgets</h6>
																			<ul>
																	<li>
										<a href="https://demo.madrasthemes.com/electro-elementor/product-category/gadgets/gadgets-accesories/">Gadgets &amp; Accesories</a>
									</li>
																	<li>
										<a href="https://demo.madrasthemes.com/electro-elementor/product-category/gadgets/smartwatches/">Smartwatches</a>
									</li>
																	<li>
										<a href="https://demo.madrasthemes.com/electro-elementor/product-category/gadgets/wearables/">Wearables</a>
									</li>
																									<li>
										<a href="https://demo.madrasthemes.com/electro-elementor/product-category/gadgets/">...</a>
									</li>
															</ul>
					<img src="https://demo.madrasthemes.com/electro-elementor/wp-content/uploads/sites/51/2018/10/electro-category-placeholder.png" alt="Home Entertainment">
													<a href="https://demo.madrasthemes.com/electro-elementor/product-category/home-entertainment/">
							</a>
												<h6>Home Entertainment</h6>
																			<ul>
																	<li>
										<a href="https://demo.madrasthemes.com/electro-elementor/product-category/home-entertainment/blue-ray-players/">Blue-ray Players</a>
									</li>
																	<li>
										<a href="https://demo.madrasthemes.com/electro-elementor/product-category/home-entertainment/dvd-players/">DVD Players</a>
									</li>
																	<li>
										<a href="https://demo.madrasthemes.com/electro-elementor/product-category/home-entertainment/home-audio-enternteinment/">Home &amp; Audio Enternteinment</a>
									</li>
																	<li>
										<a href="https://demo.madrasthemes.com/electro-elementor/product-category/home-entertainment/home-audio-enternteinment-2/">Home &amp; Audio Enternteinment</a>
									</li>
																	<li>
										<a href="https://demo.madrasthemes.com/electro-elementor/product-category/home-entertainment/home-theatres/">Home Theatres</a>
									</li>
																									<li>
										<a href="https://demo.madrasthemes.com/electro-elementor/product-category/home-entertainment/">...</a>
									</li>
															</ul>
					<img src="https://demo.madrasthemes.com/electro-elementor/wp-content/uploads/sites/51/2018/10/electro-category-placeholder.png" alt="Laptops &amp; Computers">
													<a href="https://demo.madrasthemes.com/electro-elementor/product-category/laptops-computers/">
							</a>
												<h6>Laptops &amp; Computers</h6>
																			<ul>
																	<li>
										<a href="https://demo.madrasthemes.com/electro-elementor/product-category/laptops-computers/accessories-laptops-computers/">Accessories</a>
									</li>
																	<li>
										<a href="https://demo.madrasthemes.com/electro-elementor/product-category/laptops-computers/all-in-one-laptops-computers/">All in One</a>
									</li>
																	<li>
										<a href="https://demo.madrasthemes.com/electro-elementor/product-category/laptops-computers/computer-accessories/">Computer Accessories</a>
									</li>
																	<li>
										<a href="https://demo.madrasthemes.com/electro-elementor/product-category/laptops-computers/computer-monitors/">Computer Monitors</a>
									</li>
																	<li>
										<a href="https://demo.madrasthemes.com/electro-elementor/product-category/laptops-computers/computers/">Computers</a>
									</li>
																									<li>
										<a href="https://demo.madrasthemes.com/electro-elementor/product-category/laptops-computers/">...</a>
									</li>
															</ul>
					<img src="https://demo.madrasthemes.com/electro-elementor/wp-content/uploads/sites/51/2018/10/electro-category-placeholder.png" alt="Printers &amp; Ink">
													<a href="https://demo.madrasthemes.com/electro-elementor/product-category/printers-ink/">
							</a>
												<h6>Printers &amp; Ink</h6>
																			<ul>
																	<li>
										<a href="https://demo.madrasthemes.com/electro-elementor/product-category/printers-ink/printers/">Printers</a>
									</li>
																									<li>
										<a href="https://demo.madrasthemes.com/electro-elementor/product-category/printers-ink/">...</a>
									</li>
															</ul>
					<img src="https://demo.madrasthemes.com/electro-elementor/wp-content/uploads/sites/51/2018/10/electro-category-placeholder.png" alt="Smart Phones &amp; Tablets">
													<a href="https://demo.madrasthemes.com/electro-elementor/product-category/smart-phones-tablets/">
							</a>
												<h6>Smart Phones &amp; Tablets</h6>
																			<ul>
																	<li>
										<a href="https://demo.madrasthemes.com/electro-elementor/product-category/smart-phones-tablets/accessories-smart-phones-tablets/">Accessories</a>
									</li>
																	<li>
										<a href="https://demo.madrasthemes.com/electro-elementor/product-category/smart-phones-tablets/chargers-smart-phones-tablets/">Chargers</a>
									</li>
																	<li>
										<a href="https://demo.madrasthemes.com/electro-elementor/product-category/smart-phones-tablets/powerbanks/">Powerbanks</a>
									</li>
																	<li>
										<a href="https://demo.madrasthemes.com/electro-elementor/product-category/smart-phones-tablets/smartphones/">Smartphones</a>
									</li>
																	<li>
										<a href="https://demo.madrasthemes.com/electro-elementor/product-category/smart-phones-tablets/smartphones/4g-lte-smartphone/">4G LTE Smartphone</a>
									</li>
																									<li>
										<a href="https://demo.madrasthemes.com/electro-elementor/product-category/smart-phones-tablets/">...</a>
									</li>
															</ul>
													<h1>
								OUTLET DEALS CLEARANCE							</h1>
															SAVE UP TO
									70<sup>%</sup><sub>OFF!</sub>								
													<a href="http://Start%20Buying">
								Start Buying							</a>
						<section>
	<a href="https://demo.madrasthemes.com/electro-elementor/product-category/accessories/headphone-cases/" rel="tag">Headphone Cases</a><a href="https://demo.madrasthemes.com/electro-elementor/product/universal-headphones-case-in-black/"><h2>Universal Headphones Case in Black</h2><img width="300" height="300" src="https://demo.madrasthemes.com/electro-elementor/wp-content/uploads/sites/51/2018/10/electro-placeholder-300x300.png" alt="" loading="lazy" /></a><!-- /.product-loop-header --><a href="https://demo.madrasthemes.com/electro-elementor/product-category/accessories/headphone-cases/" rel="tag">Headphone Cases</a><a href="https://demo.madrasthemes.com/electro-elementor/product/universal-headphones-case-in-black/"><h2>Universal Headphones Case in Black</h2>		
			<strong>0</strong> out of 5 (0)
Brand new and high quality
Made of supreme quality, durable EVA crush resistant, anti-shock material.
Soft inner cloth lining, one mesh pocket inside.
Compact and functional hard case keeps items safe and extremely portable.
Force Touch trackpad (13-inch model)
				SKU: 5487FB8/28</a><!-- /.product-loop-body -->
	<bdi>&pound;159.00</bdi>
<a href="?add-to-cart=2440" data-quantity="1" data-product_id="2440" data-product_sku="5487FB8/28" aria-label="Add &ldquo;Universal Headphones Case in Black&rdquo; to your cart" rel="nofollow">Add to cart</a><!-- /.price-add-to-cart -->
			<!-- ADD TO WISHLIST -->
	<a
		href="?add_to_wishlist=2440&#038;_wpnonce=dc6ee3cf74"
		class="add_to_wishlist single_add_to_wishlist"
		data-product-id="2440"
		data-product-type="simple"
		data-original-product-id="2440"
		data-title="Wishlist"
		rel="nofollow"
	>
				Wishlist
	</a>
			<!-- COUNT TEXT -->
<!-- /.product-loop-footer --><!-- /.product-inner --><!-- /.product-outer -->
	<a href="https://demo.madrasthemes.com/electro-elementor/product-category/accessories/headphone-accessories/" rel="tag">Headphone Accessories</a><a href="https://demo.madrasthemes.com/electro-elementor/product/headphones-usb-wires/"><h2>Headphones USB Wires</h2><img width="300" height="300" src="https://demo.madrasthemes.com/electro-elementor/wp-content/uploads/sites/51/2018/10/electro-placeholder-300x300.png" alt="" loading="lazy" /></a><!-- /.product-loop-header --><a href="https://demo.madrasthemes.com/electro-elementor/product-category/accessories/headphone-accessories/" rel="tag">Headphone Accessories</a><a href="https://demo.madrasthemes.com/electro-elementor/product/headphones-usb-wires/"><h2>Headphones USB Wires</h2>		
			<strong>0</strong> out of 5 (0)
High-fidelity stereo music and clear speech
100% Stable and Comfortable when exercising, running and other outdoor sports
Up to 6 hours music play
7 hours talking time
Force Touch trackpad (13-inch model)
				SKU: 5487FB8/27</a><!-- /.product-loop-body -->
	<bdi>&pound;50.00</bdi>
<a href="?add-to-cart=2441" data-quantity="1" data-product_id="2441" data-product_sku="5487FB8/27" aria-label="Add &ldquo;Headphones USB Wires&rdquo; to your cart" rel="nofollow">Add to cart</a><!-- /.price-add-to-cart -->
			<!-- ADD TO WISHLIST -->
	<a
		href="?add_to_wishlist=2441&#038;_wpnonce=dc6ee3cf74"
		class="add_to_wishlist single_add_to_wishlist"
		data-product-id="2441"
		data-product-type="simple"
		data-original-product-id="2441"
		data-title="Wishlist"
		rel="nofollow"
	>
				Wishlist
	</a>
			<!-- COUNT TEXT -->
<!-- /.product-loop-footer --><!-- /.product-inner --><!-- /.product-outer -->
	<a href="https://demo.madrasthemes.com/electro-elementor/product-category/accessories/headphones/" rel="tag">Headphones</a><a href="https://demo.madrasthemes.com/electro-elementor/product/ultra-wireless-s50-headphones-s50-with-bluetooth/"><h2>Ultra Wireless S50 Headphones S50 with Bluetooth</h2><img width="300" height="300" src="https://demo.madrasthemes.com/electro-elementor/wp-content/uploads/sites/51/2018/10/electro-placeholder-300x300.png" alt="" loading="lazy" /></a><!-- /.product-loop-header --><a href="https://demo.madrasthemes.com/electro-elementor/product-category/accessories/headphones/" rel="tag">Headphones</a><a href="https://demo.madrasthemes.com/electro-elementor/product/ultra-wireless-s50-headphones-s50-with-bluetooth/"><h2>Ultra Wireless S50 Headphones S50 with Bluetooth</h2>		
			Rated <strong>4.33</strong> out of 5 (3)
4.5 inch HD Touch Screen (1280 x 720)
Android 4.4 KitKat OS
1.4 GHz Quad Core™ Processor
20 MP front and 28 megapixel CMOS rear camera
<p>Lorem ipsum dolor sit amet, consectetur adipisicing elit, sed do eiusmod tempor incididunt.</p>
<p><strong>SKU</strong>: FW511948218</p>
				SKU: FW511948218</a><!-- /.product-loop-body -->
	<bdi>&pound;35.00</bdi>
<a href="?add-to-cart=2439" data-quantity="1" data-product_id="2439" data-product_sku="FW511948218" aria-label="Add &ldquo;Ultra Wireless S50 Headphones S50 with Bluetooth&rdquo; to your cart" rel="nofollow">Add to cart</a><!-- /.price-add-to-cart -->
			<!-- ADD TO WISHLIST -->
	<a
		href="?add_to_wishlist=2439&#038;_wpnonce=dc6ee3cf74"
		class="add_to_wishlist single_add_to_wishlist"
		data-product-id="2439"
		data-product-type="simple"
		data-original-product-id="2439"
		data-title="Wishlist"
		rel="nofollow"
	>
				Wishlist
	</a>
			<!-- COUNT TEXT -->
<!-- /.product-loop-footer --><!-- /.product-inner --><!-- /.product-outer -->
	<a href="https://demo.madrasthemes.com/electro-elementor/product-category/tv-audio/audio-speakers/" rel="tag">Audio Speakers</a><a href="https://demo.madrasthemes.com/electro-elementor/product/wireless-audio-system-multiroom-360/"><h2>Wireless Audio System Multiroom 360</h2><img width="300" height="300" src="https://demo.madrasthemes.com/electro-elementor/wp-content/uploads/sites/51/2018/10/electro-placeholder-300x300.png" alt="" loading="lazy" /></a><!-- /.product-loop-header --><a href="https://demo.madrasthemes.com/electro-elementor/product-category/tv-audio/audio-speakers/" rel="tag">Audio Speakers</a><a href="https://demo.madrasthemes.com/electro-elementor/product/wireless-audio-system-multiroom-360/"><h2>Wireless Audio System Multiroom 360</h2>		
			<strong>0</strong> out of 5 (0)
360 Omnidirectional Sound
Easy Intuitive Control
Multiroom App
				SKU: 5487FB8/25</a><!-- /.product-loop-body -->
	<bdi>&pound;2,299.00</bdi>
<a href="?add-to-cart=2603" data-quantity="1" data-product_id="2603" data-product_sku="5487FB8/25" aria-label="Add &ldquo;Wireless Audio System Multiroom 360&rdquo; to your cart" rel="nofollow">Add to cart</a><!-- /.price-add-to-cart -->
			<!-- ADD TO WISHLIST -->
	<a
		href="?add_to_wishlist=2603&#038;_wpnonce=dc6ee3cf74"
		class="add_to_wishlist single_add_to_wishlist"
		data-product-id="2603"
		data-product-type="simple"
		data-original-product-id="2603"
		data-title="Wishlist"
		rel="nofollow"
	>
				Wishlist
	</a>
			<!-- COUNT TEXT -->
<!-- /.product-loop-footer --><!-- /.product-inner --><!-- /.product-outer -->
	<a href="https://demo.madrasthemes.com/electro-elementor/product-category/laptops-computers/laptops-laptops-computers/" rel="tag">Laptops</a><a href="https://demo.madrasthemes.com/electro-elementor/product/tablet-white-elitebook-revolve-810-g2/"><h2>Tablet White EliteBook  Revolve 810 G2</h2><img width="300" height="300" src="https://demo.madrasthemes.com/electro-elementor/wp-content/uploads/sites/51/2018/10/electro-placeholder-300x300.png" alt="" loading="lazy" /></a><!-- /.product-loop-header --><a href="https://demo.madrasthemes.com/electro-elementor/product-category/laptops-computers/laptops-laptops-computers/" rel="tag">Laptops</a><a href="https://demo.madrasthemes.com/electro-elementor/product/tablet-white-elitebook-revolve-810-g2/"><h2>Tablet White EliteBook  Revolve 810 G2</h2>		
			Rated <strong>4.33</strong> out of 5 (3)
Screen Size: 11.6&#8243;
 Processor Type: Core i5
 Processor Speed: 1.90 GHz
Standard Memory: 4 GB
 Operating System: Windows 8.1 Pro
				SKU: 5487FB8/26</a><!-- /.product-loop-body -->
	<bdi>&pound;1,300.00</bdi>
<a href="?add-to-cart=2606" data-quantity="1" data-product_id="2606" data-product_sku="5487FB8/26" aria-label="Add &ldquo;Tablet White EliteBook  Revolve 810 G2&rdquo; to your cart" rel="nofollow">Add to cart</a><!-- /.price-add-to-cart -->
			<!-- ADD TO WISHLIST -->
	<a
		href="?add_to_wishlist=2606&#038;_wpnonce=dc6ee3cf74"
		class="add_to_wishlist single_add_to_wishlist"
		data-product-id="2606"
		data-product-type="simple"
		data-original-product-id="2606"
		data-title="Wishlist"
		rel="nofollow"
	>
				Wishlist
	</a>
			<!-- COUNT TEXT -->
<!-- /.product-loop-footer --><!-- /.product-inner --><!-- /.product-outer -->
	<a href="https://demo.madrasthemes.com/electro-elementor/product-category/accessories/headphones/" rel="tag">Headphones</a><a href="https://demo.madrasthemes.com/electro-elementor/product/purple-solo-2-wireless/"><h2>Purple Solo 2 Wireless</h2><img width="300" height="300" src="https://demo.madrasthemes.com/electro-elementor/wp-content/uploads/sites/51/2018/10/electro-placeholder-300x300.png" alt="" loading="lazy" /></a><!-- /.product-loop-header --><a href="https://demo.madrasthemes.com/electro-elementor/product-category/accessories/headphones/" rel="tag">Headphones</a><a href="https://demo.madrasthemes.com/electro-elementor/product/purple-solo-2-wireless/"><h2>Purple Solo 2 Wireless</h2>		
			<strong>0</strong> out of 5 (0)
Fine-tuned acoustics for clarity, breadth and balance
Streamlined design for a custom-fit
 Durable and foldable so you can take them on-the-go
ake calls and control music with RemoteTalk cable
				SKU: 5487FB8/24</a><!-- /.product-loop-body -->
	<bdi>&pound;248.00</bdi>
<a href="https://demo.madrasthemes.com/electro-elementor/product/purple-solo-2-wireless/" data-quantity="1" data-product_id="2608" data-product_sku="5487FB8/24" aria-label="Read more about &ldquo;Purple Solo 2 Wireless&rdquo;" rel="nofollow">Read more</a><!-- /.price-add-to-cart -->
			<!-- ADD TO WISHLIST -->
	<a
		href="?add_to_wishlist=2608&#038;_wpnonce=dc6ee3cf74"
		class="add_to_wishlist single_add_to_wishlist"
		data-product-id="2608"
		data-product-type="simple"
		data-original-product-id="2608"
		data-title="Wishlist"
		rel="nofollow"
	>
				Wishlist
	</a>
			<!-- COUNT TEXT -->
<!-- /.product-loop-footer --><!-- /.product-inner --><!-- /.product-outer -->
	<a href="https://demo.madrasthemes.com/electro-elementor/product-category/laptops-computers/laptops-laptops-computers/" rel="tag">Laptops</a><a href="https://demo.madrasthemes.com/electro-elementor/product/notebook-widescreen-y700-17-gf790/"><h2>Notebook Widescreen Y700-17 GF790</h2><img width="300" height="300" src="https://demo.madrasthemes.com/electro-elementor/wp-content/uploads/sites/51/2018/10/electro-placeholder-300x300.png" alt="" loading="lazy" /></a><!-- /.product-loop-header --><a href="https://demo.madrasthemes.com/electro-elementor/product-category/laptops-computers/laptops-laptops-computers/" rel="tag">Laptops</a><a href="https://demo.madrasthemes.com/electro-elementor/product/notebook-widescreen-y700-17-gf790/"><h2>Notebook Widescreen Y700-17 GF790</h2>		
			Rated <strong>4.00</strong> out of 5 (3)
4.5 inch HD Screen
Android 4.4 KitKat OS
1.4 GHz Quad Core™ Processor
3GB Ram
				SKU: 5487FB8/01</a><!-- /.product-loop-body -->
	<bdi>&pound;1,299.00</bdi>
<a href="?add-to-cart=2609" data-quantity="1" data-product_id="2609" data-product_sku="5487FB8/01" aria-label="Add &ldquo;Notebook Widescreen Y700-17 GF790&rdquo; to your cart" rel="nofollow">Add to cart</a><!-- /.price-add-to-cart -->
			<!-- ADD TO WISHLIST -->
	<a
		href="?add_to_wishlist=2609&#038;_wpnonce=dc6ee3cf74"
		class="add_to_wishlist single_add_to_wishlist"
		data-product-id="2609"
		data-product-type="simple"
		data-original-product-id="2609"
		data-title="Wishlist"
		rel="nofollow"
	>
				Wishlist
	</a>
			<!-- COUNT TEXT -->
<!-- /.product-loop-footer --><!-- /.product-inner --><!-- /.product-outer -->
	<a href="https://demo.madrasthemes.com/electro-elementor/product-category/laptops-computers/laptops-laptops-computers/" rel="tag">Laptops</a><a href="https://demo.madrasthemes.com/electro-elementor/product/laptop-wifi-cx61-2qf-15-6-4210m/"><h2>Laptop WiFi CX61 2QF 15.6&#8243; 4210M</h2><img width="300" height="300" src="https://demo.madrasthemes.com/electro-elementor/wp-content/uploads/sites/51/2018/10/electro-placeholder-300x300.png" alt="" loading="lazy" /></a><!-- /.product-loop-header --><a href="https://demo.madrasthemes.com/electro-elementor/product-category/laptops-computers/laptops-laptops-computers/" rel="tag">Laptops</a><a href="https://demo.madrasthemes.com/electro-elementor/product/laptop-wifi-cx61-2qf-15-6-4210m/"><h2>Laptop WiFi CX61 2QF 15.6&#8243; 4210M</h2>		
			Rated <strong>4.67</strong> out of 5 (3)
Intel Core i5 processors (13-inch model)
Intel Iris Graphics 6100 (13-inch model)
Flash storage
Up to 10 hours of battery life2 (13-inch model)
Force Touch trackpad (13-inch model)
				SKU: 5487FB8/02</a><!-- /.product-loop-body -->
	<bdi>&pound;2,299.00</bdi>
<a href="?add-to-cart=2611" data-quantity="1" data-product_id="2611" data-product_sku="5487FB8/02" aria-label="Add &ldquo;Laptop WiFi CX61 2QF 15.6&quot; 4210M&rdquo; to your cart" rel="nofollow">Add to cart</a><!-- /.price-add-to-cart -->
			<!-- ADD TO WISHLIST -->
	<a
		href="?add_to_wishlist=2611&#038;_wpnonce=dc6ee3cf74"
		class="add_to_wishlist single_add_to_wishlist"
		data-product-id="2611"
		data-product-type="simple"
		data-original-product-id="2611"
		data-title="Wishlist"
		rel="nofollow"
	>
				Wishlist
	</a>
			<!-- COUNT TEXT -->
<!-- /.product-loop-footer --><!-- /.product-inner --><!-- /.product-outer -->
	<a href="https://demo.madrasthemes.com/electro-elementor/product-category/laptops-computers/laptops-laptops-computers/" rel="tag">Laptops</a><a href="https://demo.madrasthemes.com/electro-elementor/product/laptop-screener-cx70-2qf-621xpl-17-3-4210/"><h2>Laptop Screener CX70  2QF-621XPL 17.3&#8243; 4210</h2><img width="300" height="300" src="https://demo.madrasthemes.com/electro-elementor/wp-content/uploads/sites/51/2018/10/electro-placeholder-300x300.png" alt="" loading="lazy" /></a><!-- /.product-loop-header --><a href="https://demo.madrasthemes.com/electro-elementor/product-category/laptops-computers/laptops-laptops-computers/" rel="tag">Laptops</a><a href="https://demo.madrasthemes.com/electro-elementor/product/laptop-screener-cx70-2qf-621xpl-17-3-4210/"><h2>Laptop Screener CX70  2QF-621XPL 17.3&#8243; 4210</h2>		
			Rated <strong>4.67</strong> out of 5 (3)
Intel Core i5 processors (13-inch model)
Intel Iris Graphics 6100 (13-inch model)
Flash storage
Up to 10 hours of battery life2 (13-inch model)
Force Touch trackpad (13-inch model)
				SKU: 5487FB8/04</a><!-- /.product-loop-body -->
	<bdi>&pound;2,399.00</bdi>
<a href="?add-to-cart=2613" data-quantity="1" data-product_id="2613" data-product_sku="5487FB8/04" aria-label="Add &ldquo;Laptop Screener CX70  2QF-621XPL 17.3&quot; 4210&rdquo; to your cart" rel="nofollow">Add to cart</a><!-- /.price-add-to-cart -->
			<!-- ADD TO WISHLIST -->
	<a
		href="?add_to_wishlist=2613&#038;_wpnonce=dc6ee3cf74"
		class="add_to_wishlist single_add_to_wishlist"
		data-product-id="2613"
		data-product-type="simple"
		data-original-product-id="2613"
		data-title="Wishlist"
		rel="nofollow"
	>
				Wishlist
	</a>
			<!-- COUNT TEXT -->
<!-- /.product-loop-footer --><!-- /.product-inner --><!-- /.product-outer -->
	<a href="https://demo.madrasthemes.com/electro-elementor/product-category/laptops-computers/laptops-laptops-computers/" rel="tag">Laptops</a><a href="https://demo.madrasthemes.com/electro-elementor/product/laptop-r752lj-173-5200u-4gb-1tb/"><h2>Laptop R752LJ 17,3&#8221;  5200U 4GB 1TB</h2><img width="300" height="300" src="https://demo.madrasthemes.com/electro-elementor/wp-content/uploads/sites/51/2018/10/electro-placeholder-300x300.png" alt="" loading="lazy" /></a><!-- /.product-loop-header --><a href="https://demo.madrasthemes.com/electro-elementor/product-category/laptops-computers/laptops-laptops-computers/" rel="tag">Laptops</a><a href="https://demo.madrasthemes.com/electro-elementor/product/laptop-r752lj-173-5200u-4gb-1tb/"><h2>Laptop R752LJ 17,3&#8221;  5200U 4GB 1TB</h2>		
			Rated <strong>3.67</strong> out of 5 (3)
Intel® Core™ i5-5200U, 2,2 GHz
1 TB HDD, 8 GB RAM
NVIDIA® GeForce® 920M
Windows 10 Home (64 Bit)
				SKU: 5487FB8/05</a><!-- /.product-loop-body -->
	<bdi>&pound;1,100.00</bdi>
<a href="https://demo.madrasthemes.com/electro-elementor/product/laptop-r752lj-173-5200u-4gb-1tb/" data-quantity="1" data-product_id="2617" data-product_sku="5487FB8/05" aria-label="Read more about &ldquo;Laptop R752LJ 17,3&#039;&#039;  5200U 4GB 1TB&rdquo;" rel="nofollow">Read more</a><!-- /.price-add-to-cart -->
			<!-- ADD TO WISHLIST -->
	<a
		href="?add_to_wishlist=2617&#038;_wpnonce=dc6ee3cf74"
		class="add_to_wishlist single_add_to_wishlist"
		data-product-id="2617"
		data-product-type="simple"
		data-original-product-id="2617"
		data-title="Wishlist"
		rel="nofollow"
	>
				Wishlist
	</a>
			<!-- COUNT TEXT -->
<!-- /.product-loop-footer --><!-- /.product-inner --><!-- /.product-outer -->
						</section>
																<a href="https://demo.madrasthemes.com/electro-elementor/wp-content/uploads/sites/51/2018/10/electro-home-banner-5.png" data-elementor-open-lightbox="yes" data-elementor-lightbox-title="electro-home-banner-5">
							<img width="690" height="150" src="https://demo.madrasthemes.com/electro-elementor/wp-content/uploads/sites/51/2018/10/electro-home-banner-5.png" alt="" loading="lazy" srcset="https://demo.madrasthemes.com/electro-elementor/wp-content/uploads/sites/51/2018/10/electro-home-banner-5.png 690w, https://demo.madrasthemes.com/electro-elementor/wp-content/uploads/sites/51/2018/10/electro-home-banner-5-300x65.png 300w, https://demo.madrasthemes.com/electro-elementor/wp-content/uploads/sites/51/2018/10/electro-home-banner-5-600x130.png 600w" sizes="(max-width: 690px) 100vw, 690px" />								</a>
																<a href="https://demo.madrasthemes.com/electro-elementor/wp-content/uploads/sites/51/2018/10/electro-home-banner-5.png" data-elementor-open-lightbox="yes" data-elementor-lightbox-title="electro-home-banner-5">
							<img width="690" height="150" src="https://demo.madrasthemes.com/electro-elementor/wp-content/uploads/sites/51/2018/10/electro-home-banner-5.png" alt="" loading="lazy" srcset="https://demo.madrasthemes.com/electro-elementor/wp-content/uploads/sites/51/2018/10/electro-home-banner-5.png 690w, https://demo.madrasthemes.com/electro-elementor/wp-content/uploads/sites/51/2018/10/electro-home-banner-5-300x65.png 300w, https://demo.madrasthemes.com/electro-elementor/wp-content/uploads/sites/51/2018/10/electro-home-banner-5-600x130.png 600w" sizes="(max-width: 690px) 100vw, 690px" />								</a>
						<section >
				<header>
					<h2>Price Deals</h2>
								            <a href="">Go to Daily Deals Section</a>
				</header>
	<a href="https://demo.madrasthemes.com/electro-elementor/product-category/accessories/headphone-cases/" rel="tag">Headphone Cases</a><a href="https://demo.madrasthemes.com/electro-elementor/product/universal-headphones-case-in-black/"><h2>Universal Headphones Case in Black</h2><img width="300" height="300" src="https://demo.madrasthemes.com/electro-elementor/wp-content/uploads/sites/51/2018/10/electro-placeholder-300x300.png" alt="" loading="lazy" /></a><!-- /.product-loop-header --><a href="https://demo.madrasthemes.com/electro-elementor/product-category/accessories/headphone-cases/" rel="tag">Headphone Cases</a><a href="https://demo.madrasthemes.com/electro-elementor/product/universal-headphones-case-in-black/"><h2>Universal Headphones Case in Black</h2>		
			<strong>0</strong> out of 5 (0)
Brand new and high quality
Made of supreme quality, durable EVA crush resistant, anti-shock material.
Soft inner cloth lining, one mesh pocket inside.
Compact and functional hard case keeps items safe and extremely portable.
Force Touch trackpad (13-inch model)
				SKU: 5487FB8/28</a><!-- /.product-loop-body -->
	<bdi>&pound;159.00</bdi>
<a href="?add-to-cart=2440" data-quantity="1" data-product_id="2440" data-product_sku="5487FB8/28" aria-label="Add &ldquo;Universal Headphones Case in Black&rdquo; to your cart" rel="nofollow">Add to cart</a><!-- /.price-add-to-cart -->
			<!-- ADD TO WISHLIST -->
	<a
		href="?add_to_wishlist=2440&#038;_wpnonce=dc6ee3cf74"
		class="add_to_wishlist single_add_to_wishlist"
		data-product-id="2440"
		data-product-type="simple"
		data-original-product-id="2440"
		data-title="Wishlist"
		rel="nofollow"
	>
				Wishlist
	</a>
			<!-- COUNT TEXT -->
<!-- /.product-loop-footer --><!-- /.product-inner --><!-- /.product-outer -->
	<a href="https://demo.madrasthemes.com/electro-elementor/product-category/accessories/headphone-accessories/" rel="tag">Headphone Accessories</a><a href="https://demo.madrasthemes.com/electro-elementor/product/headphones-usb-wires/"><h2>Headphones USB Wires</h2><img width="300" height="300" src="https://demo.madrasthemes.com/electro-elementor/wp-content/uploads/sites/51/2018/10/electro-placeholder-300x300.png" alt="" loading="lazy" /></a><!-- /.product-loop-header --><a href="https://demo.madrasthemes.com/electro-elementor/product-category/accessories/headphone-accessories/" rel="tag">Headphone Accessories</a><a href="https://demo.madrasthemes.com/electro-elementor/product/headphones-usb-wires/"><h2>Headphones USB Wires</h2>		
			<strong>0</strong> out of 5 (0)
High-fidelity stereo music and clear speech
100% Stable and Comfortable when exercising, running and other outdoor sports
Up to 6 hours music play
7 hours talking time
Force Touch trackpad (13-inch model)
				SKU: 5487FB8/27</a><!-- /.product-loop-body -->
	<bdi>&pound;50.00</bdi>
<a href="?add-to-cart=2441" data-quantity="1" data-product_id="2441" data-product_sku="5487FB8/27" aria-label="Add &ldquo;Headphones USB Wires&rdquo; to your cart" rel="nofollow">Add to cart</a><!-- /.price-add-to-cart -->
			<!-- ADD TO WISHLIST -->
	<a
		href="?add_to_wishlist=2441&#038;_wpnonce=dc6ee3cf74"
		class="add_to_wishlist single_add_to_wishlist"
		data-product-id="2441"
		data-product-type="simple"
		data-original-product-id="2441"
		data-title="Wishlist"
		rel="nofollow"
	>
				Wishlist
	</a>
			<!-- COUNT TEXT -->
<!-- /.product-loop-footer --><!-- /.product-inner --><!-- /.product-outer -->
	<a href="https://demo.madrasthemes.com/electro-elementor/product-category/accessories/headphones/" rel="tag">Headphones</a><a href="https://demo.madrasthemes.com/electro-elementor/product/ultra-wireless-s50-headphones-s50-with-bluetooth/"><h2>Ultra Wireless S50 Headphones S50 with Bluetooth</h2><img width="300" height="300" src="https://demo.madrasthemes.com/electro-elementor/wp-content/uploads/sites/51/2018/10/electro-placeholder-300x300.png" alt="" loading="lazy" /></a><!-- /.product-loop-header --><a href="https://demo.madrasthemes.com/electro-elementor/product-category/accessories/headphones/" rel="tag">Headphones</a><a href="https://demo.madrasthemes.com/electro-elementor/product/ultra-wireless-s50-headphones-s50-with-bluetooth/"><h2>Ultra Wireless S50 Headphones S50 with Bluetooth</h2>		
			Rated <strong>4.33</strong> out of 5 (3)
4.5 inch HD Touch Screen (1280 x 720)
Android 4.4 KitKat OS
1.4 GHz Quad Core™ Processor
20 MP front and 28 megapixel CMOS rear camera
<p>Lorem ipsum dolor sit amet, consectetur adipisicing elit, sed do eiusmod tempor incididunt.</p>
<p><strong>SKU</strong>: FW511948218</p>
				SKU: FW511948218</a><!-- /.product-loop-body -->
	<bdi>&pound;35.00</bdi>
<a href="?add-to-cart=2439" data-quantity="1" data-product_id="2439" data-product_sku="FW511948218" aria-label="Add &ldquo;Ultra Wireless S50 Headphones S50 with Bluetooth&rdquo; to your cart" rel="nofollow">Add to cart</a><!-- /.price-add-to-cart -->
			<!-- ADD TO WISHLIST -->
	<a
		href="?add_to_wishlist=2439&#038;_wpnonce=dc6ee3cf74"
		class="add_to_wishlist single_add_to_wishlist"
		data-product-id="2439"
		data-product-type="simple"
		data-original-product-id="2439"
		data-title="Wishlist"
		rel="nofollow"
	>
				Wishlist
	</a>
			<!-- COUNT TEXT -->
<!-- /.product-loop-footer --><!-- /.product-inner --><!-- /.product-outer -->
	<a href="https://demo.madrasthemes.com/electro-elementor/product-category/tv-audio/audio-speakers/" rel="tag">Audio Speakers</a><a href="https://demo.madrasthemes.com/electro-elementor/product/wireless-audio-system-multiroom-360/"><h2>Wireless Audio System Multiroom 360</h2><img width="300" height="300" src="https://demo.madrasthemes.com/electro-elementor/wp-content/uploads/sites/51/2018/10/electro-placeholder-300x300.png" alt="" loading="lazy" /></a><!-- /.product-loop-header --><a href="https://demo.madrasthemes.com/electro-elementor/product-category/tv-audio/audio-speakers/" rel="tag">Audio Speakers</a><a href="https://demo.madrasthemes.com/electro-elementor/product/wireless-audio-system-multiroom-360/"><h2>Wireless Audio System Multiroom 360</h2>		
			<strong>0</strong> out of 5 (0)
360 Omnidirectional Sound
Easy Intuitive Control
Multiroom App
				SKU: 5487FB8/25</a><!-- /.product-loop-body -->
	<bdi>&pound;2,299.00</bdi>
<a href="?add-to-cart=2603" data-quantity="1" data-product_id="2603" data-product_sku="5487FB8/25" aria-label="Add &ldquo;Wireless Audio System Multiroom 360&rdquo; to your cart" rel="nofollow">Add to cart</a><!-- /.price-add-to-cart -->
			<!-- ADD TO WISHLIST -->
	<a
		href="?add_to_wishlist=2603&#038;_wpnonce=dc6ee3cf74"
		class="add_to_wishlist single_add_to_wishlist"
		data-product-id="2603"
		data-product-type="simple"
		data-original-product-id="2603"
		data-title="Wishlist"
		rel="nofollow"
	>
				Wishlist
	</a>
			<!-- COUNT TEXT -->
<!-- /.product-loop-footer --><!-- /.product-inner --><!-- /.product-outer -->
	<a href="https://demo.madrasthemes.com/electro-elementor/product-category/laptops-computers/laptops-laptops-computers/" rel="tag">Laptops</a><a href="https://demo.madrasthemes.com/electro-elementor/product/tablet-white-elitebook-revolve-810-g2/"><h2>Tablet White EliteBook  Revolve 810 G2</h2><img width="300" height="300" src="https://demo.madrasthemes.com/electro-elementor/wp-content/uploads/sites/51/2018/10/electro-placeholder-300x300.png" alt="" loading="lazy" /></a><!-- /.product-loop-header --><a href="https://demo.madrasthemes.com/electro-elementor/product-category/laptops-computers/laptops-laptops-computers/" rel="tag">Laptops</a><a href="https://demo.madrasthemes.com/electro-elementor/product/tablet-white-elitebook-revolve-810-g2/"><h2>Tablet White EliteBook  Revolve 810 G2</h2>		
			Rated <strong>4.33</strong> out of 5 (3)
Screen Size: 11.6&#8243;
 Processor Type: Core i5
 Processor Speed: 1.90 GHz
Standard Memory: 4 GB
 Operating System: Windows 8.1 Pro
				SKU: 5487FB8/26</a><!-- /.product-loop-body -->
	<bdi>&pound;1,300.00</bdi>
<a href="?add-to-cart=2606" data-quantity="1" data-product_id="2606" data-product_sku="5487FB8/26" aria-label="Add &ldquo;Tablet White EliteBook  Revolve 810 G2&rdquo; to your cart" rel="nofollow">Add to cart</a><!-- /.price-add-to-cart -->
			<!-- ADD TO WISHLIST -->
	<a
		href="?add_to_wishlist=2606&#038;_wpnonce=dc6ee3cf74"
		class="add_to_wishlist single_add_to_wishlist"
		data-product-id="2606"
		data-product-type="simple"
		data-original-product-id="2606"
		data-title="Wishlist"
		rel="nofollow"
	>
				Wishlist
	</a>
			<!-- COUNT TEXT -->
<!-- /.product-loop-footer --><!-- /.product-inner --><!-- /.product-outer -->
	<a href="https://demo.madrasthemes.com/electro-elementor/product-category/accessories/headphones/" rel="tag">Headphones</a><a href="https://demo.madrasthemes.com/electro-elementor/product/purple-solo-2-wireless/"><h2>Purple Solo 2 Wireless</h2><img width="300" height="300" src="https://demo.madrasthemes.com/electro-elementor/wp-content/uploads/sites/51/2018/10/electro-placeholder-300x300.png" alt="" loading="lazy" /></a><!-- /.product-loop-header --><a href="https://demo.madrasthemes.com/electro-elementor/product-category/accessories/headphones/" rel="tag">Headphones</a><a href="https://demo.madrasthemes.com/electro-elementor/product/purple-solo-2-wireless/"><h2>Purple Solo 2 Wireless</h2>		
			<strong>0</strong> out of 5 (0)
Fine-tuned acoustics for clarity, breadth and balance
Streamlined design for a custom-fit
 Durable and foldable so you can take them on-the-go
ake calls and control music with RemoteTalk cable
				SKU: 5487FB8/24</a><!-- /.product-loop-body -->
	<bdi>&pound;248.00</bdi>
<a href="https://demo.madrasthemes.com/electro-elementor/product/purple-solo-2-wireless/" data-quantity="1" data-product_id="2608" data-product_sku="5487FB8/24" aria-label="Read more about &ldquo;Purple Solo 2 Wireless&rdquo;" rel="nofollow">Read more</a><!-- /.price-add-to-cart -->
			<!-- ADD TO WISHLIST -->
	<a
		href="?add_to_wishlist=2608&#038;_wpnonce=dc6ee3cf74"
		class="add_to_wishlist single_add_to_wishlist"
		data-product-id="2608"
		data-product-type="simple"
		data-original-product-id="2608"
		data-title="Wishlist"
		rel="nofollow"
	>
				Wishlist
	</a>
			<!-- COUNT TEXT -->
<!-- /.product-loop-footer --><!-- /.product-inner --><!-- /.product-outer -->
	<a href="https://demo.madrasthemes.com/electro-elementor/product-category/laptops-computers/laptops-laptops-computers/" rel="tag">Laptops</a><a href="https://demo.madrasthemes.com/electro-elementor/product/notebook-widescreen-y700-17-gf790/"><h2>Notebook Widescreen Y700-17 GF790</h2><img width="300" height="300" src="https://demo.madrasthemes.com/electro-elementor/wp-content/uploads/sites/51/2018/10/electro-placeholder-300x300.png" alt="" loading="lazy" /></a><!-- /.product-loop-header --><a href="https://demo.madrasthemes.com/electro-elementor/product-category/laptops-computers/laptops-laptops-computers/" rel="tag">Laptops</a><a href="https://demo.madrasthemes.com/electro-elementor/product/notebook-widescreen-y700-17-gf790/"><h2>Notebook Widescreen Y700-17 GF790</h2>		
			Rated <strong>4.00</strong> out of 5 (3)
4.5 inch HD Screen
Android 4.4 KitKat OS
1.4 GHz Quad Core™ Processor
3GB Ram
				SKU: 5487FB8/01</a><!-- /.product-loop-body -->
	<bdi>&pound;1,299.00</bdi>
<a href="?add-to-cart=2609" data-quantity="1" data-product_id="2609" data-product_sku="5487FB8/01" aria-label="Add &ldquo;Notebook Widescreen Y700-17 GF790&rdquo; to your cart" rel="nofollow">Add to cart</a><!-- /.price-add-to-cart -->
			<!-- ADD TO WISHLIST -->
	<a
		href="?add_to_wishlist=2609&#038;_wpnonce=dc6ee3cf74"
		class="add_to_wishlist single_add_to_wishlist"
		data-product-id="2609"
		data-product-type="simple"
		data-original-product-id="2609"
		data-title="Wishlist"
		rel="nofollow"
	>
				Wishlist
	</a>
			<!-- COUNT TEXT -->
<!-- /.product-loop-footer --><!-- /.product-inner --><!-- /.product-outer -->
	<a href="https://demo.madrasthemes.com/electro-elementor/product-category/laptops-computers/laptops-laptops-computers/" rel="tag">Laptops</a><a href="https://demo.madrasthemes.com/electro-elementor/product/laptop-wifi-cx61-2qf-15-6-4210m/"><h2>Laptop WiFi CX61 2QF 15.6&#8243; 4210M</h2><img width="300" height="300" src="https://demo.madrasthemes.com/electro-elementor/wp-content/uploads/sites/51/2018/10/electro-placeholder-300x300.png" alt="" loading="lazy" /></a><!-- /.product-loop-header --><a href="https://demo.madrasthemes.com/electro-elementor/product-category/laptops-computers/laptops-laptops-computers/" rel="tag">Laptops</a><a href="https://demo.madrasthemes.com/electro-elementor/product/laptop-wifi-cx61-2qf-15-6-4210m/"><h2>Laptop WiFi CX61 2QF 15.6&#8243; 4210M</h2>		
			Rated <strong>4.67</strong> out of 5 (3)
Intel Core i5 processors (13-inch model)
Intel Iris Graphics 6100 (13-inch model)
Flash storage
Up to 10 hours of battery life2 (13-inch model)
Force Touch trackpad (13-inch model)
				SKU: 5487FB8/02</a><!-- /.product-loop-body -->
	<bdi>&pound;2,299.00</bdi>
<a href="?add-to-cart=2611" data-quantity="1" data-product_id="2611" data-product_sku="5487FB8/02" aria-label="Add &ldquo;Laptop WiFi CX61 2QF 15.6&quot; 4210M&rdquo; to your cart" rel="nofollow">Add to cart</a><!-- /.price-add-to-cart -->
			<!-- ADD TO WISHLIST -->
	<a
		href="?add_to_wishlist=2611&#038;_wpnonce=dc6ee3cf74"
		class="add_to_wishlist single_add_to_wishlist"
		data-product-id="2611"
		data-product-type="simple"
		data-original-product-id="2611"
		data-title="Wishlist"
		rel="nofollow"
	>
				Wishlist
	</a>
			<!-- COUNT TEXT -->
<!-- /.product-loop-footer --><!-- /.product-inner --><!-- /.product-outer -->
	<a href="https://demo.madrasthemes.com/electro-elementor/product-category/laptops-computers/laptops-laptops-computers/" rel="tag">Laptops</a><a href="https://demo.madrasthemes.com/electro-elementor/product/laptop-screener-cx70-2qf-621xpl-17-3-4210/"><h2>Laptop Screener CX70  2QF-621XPL 17.3&#8243; 4210</h2><img width="300" height="300" src="https://demo.madrasthemes.com/electro-elementor/wp-content/uploads/sites/51/2018/10/electro-placeholder-300x300.png" alt="" loading="lazy" /></a><!-- /.product-loop-header --><a href="https://demo.madrasthemes.com/electro-elementor/product-category/laptops-computers/laptops-laptops-computers/" rel="tag">Laptops</a><a href="https://demo.madrasthemes.com/electro-elementor/product/laptop-screener-cx70-2qf-621xpl-17-3-4210/"><h2>Laptop Screener CX70  2QF-621XPL 17.3&#8243; 4210</h2>		
			Rated <strong>4.67</strong> out of 5 (3)
Intel Core i5 processors (13-inch model)
Intel Iris Graphics 6100 (13-inch model)
Flash storage
Up to 10 hours of battery life2 (13-inch model)
Force Touch trackpad (13-inch model)
				SKU: 5487FB8/04</a><!-- /.product-loop-body -->
	<bdi>&pound;2,399.00</bdi>
<a href="?add-to-cart=2613" data-quantity="1" data-product_id="2613" data-product_sku="5487FB8/04" aria-label="Add &ldquo;Laptop Screener CX70  2QF-621XPL 17.3&quot; 4210&rdquo; to your cart" rel="nofollow">Add to cart</a><!-- /.price-add-to-cart -->
			<!-- ADD TO WISHLIST -->
	<a
		href="?add_to_wishlist=2613&#038;_wpnonce=dc6ee3cf74"
		class="add_to_wishlist single_add_to_wishlist"
		data-product-id="2613"
		data-product-type="simple"
		data-original-product-id="2613"
		data-title="Wishlist"
		rel="nofollow"
	>
				Wishlist
	</a>
			<!-- COUNT TEXT -->
<!-- /.product-loop-footer --><!-- /.product-inner --><!-- /.product-outer -->
	<a href="https://demo.madrasthemes.com/electro-elementor/product-category/laptops-computers/laptops-laptops-computers/" rel="tag">Laptops</a><a href="https://demo.madrasthemes.com/electro-elementor/product/laptop-r752lj-173-5200u-4gb-1tb/"><h2>Laptop R752LJ 17,3&#8221;  5200U 4GB 1TB</h2><img width="300" height="300" src="https://demo.madrasthemes.com/electro-elementor/wp-content/uploads/sites/51/2018/10/electro-placeholder-300x300.png" alt="" loading="lazy" /></a><!-- /.product-loop-header --><a href="https://demo.madrasthemes.com/electro-elementor/product-category/laptops-computers/laptops-laptops-computers/" rel="tag">Laptops</a><a href="https://demo.madrasthemes.com/electro-elementor/product/laptop-r752lj-173-5200u-4gb-1tb/"><h2>Laptop R752LJ 17,3&#8221;  5200U 4GB 1TB</h2>		
			Rated <strong>3.67</strong> out of 5 (3)
Intel® Core™ i5-5200U, 2,2 GHz
1 TB HDD, 8 GB RAM
NVIDIA® GeForce® 920M
Windows 10 Home (64 Bit)
				SKU: 5487FB8/05</a><!-- /.product-loop-body -->
	<bdi>&pound;1,100.00</bdi>
<a href="https://demo.madrasthemes.com/electro-elementor/product/laptop-r752lj-173-5200u-4gb-1tb/" data-quantity="1" data-product_id="2617" data-product_sku="5487FB8/05" aria-label="Read more about &ldquo;Laptop R752LJ 17,3&#039;&#039;  5200U 4GB 1TB&rdquo;" rel="nofollow">Read more</a><!-- /.price-add-to-cart -->
			<!-- ADD TO WISHLIST -->
	<a
		href="?add_to_wishlist=2617&#038;_wpnonce=dc6ee3cf74"
		class="add_to_wishlist single_add_to_wishlist"
		data-product-id="2617"
		data-product-type="simple"
		data-original-product-id="2617"
		data-title="Wishlist"
		rel="nofollow"
	>
				Wishlist
	</a>
			<!-- COUNT TEXT -->
<!-- /.product-loop-footer --><!-- /.product-inner --><!-- /.product-outer -->
			</section>
						<section >
				<header>
					<h2>Trending products</h2>
								            <a href="">Go to Trending products</a>
				</header>
	<a href="https://demo.madrasthemes.com/electro-elementor/product-category/accessories/headphone-cases/" rel="tag">Headphone Cases</a><a href="https://demo.madrasthemes.com/electro-elementor/product/universal-headphones-case-in-black/"><h2>Universal Headphones Case in Black</h2><img width="300" height="300" src="https://demo.madrasthemes.com/electro-elementor/wp-content/uploads/sites/51/2018/10/electro-placeholder-300x300.png" alt="" loading="lazy" /></a><!-- /.product-loop-header --><a href="https://demo.madrasthemes.com/electro-elementor/product-category/accessories/headphone-cases/" rel="tag">Headphone Cases</a><a href="https://demo.madrasthemes.com/electro-elementor/product/universal-headphones-case-in-black/"><h2>Universal Headphones Case in Black</h2>		
			<strong>0</strong> out of 5 (0)
Brand new and high quality
Made of supreme quality, durable EVA crush resistant, anti-shock material.
Soft inner cloth lining, one mesh pocket inside.
Compact and functional hard case keeps items safe and extremely portable.
Force Touch trackpad (13-inch model)
				SKU: 5487FB8/28</a><!-- /.product-loop-body -->
	<bdi>&pound;159.00</bdi>
<a href="?add-to-cart=2440" data-quantity="1" data-product_id="2440" data-product_sku="5487FB8/28" aria-label="Add &ldquo;Universal Headphones Case in Black&rdquo; to your cart" rel="nofollow">Add to cart</a><!-- /.price-add-to-cart -->
			<!-- ADD TO WISHLIST -->
	<a
		href="?add_to_wishlist=2440&#038;_wpnonce=dc6ee3cf74"
		class="add_to_wishlist single_add_to_wishlist"
		data-product-id="2440"
		data-product-type="simple"
		data-original-product-id="2440"
		data-title="Wishlist"
		rel="nofollow"
	>
				Wishlist
	</a>
			<!-- COUNT TEXT -->
<!-- /.product-loop-footer --><!-- /.product-inner --><!-- /.product-outer -->
	<a href="https://demo.madrasthemes.com/electro-elementor/product-category/accessories/headphone-accessories/" rel="tag">Headphone Accessories</a><a href="https://demo.madrasthemes.com/electro-elementor/product/headphones-usb-wires/"><h2>Headphones USB Wires</h2><img width="300" height="300" src="https://demo.madrasthemes.com/electro-elementor/wp-content/uploads/sites/51/2018/10/electro-placeholder-300x300.png" alt="" loading="lazy" /></a><!-- /.product-loop-header --><a href="https://demo.madrasthemes.com/electro-elementor/product-category/accessories/headphone-accessories/" rel="tag">Headphone Accessories</a><a href="https://demo.madrasthemes.com/electro-elementor/product/headphones-usb-wires/"><h2>Headphones USB Wires</h2>		
			<strong>0</strong> out of 5 (0)
High-fidelity stereo music and clear speech
100% Stable and Comfortable when exercising, running and other outdoor sports
Up to 6 hours music play
7 hours talking time
Force Touch trackpad (13-inch model)
				SKU: 5487FB8/27</a><!-- /.product-loop-body -->
	<bdi>&pound;50.00</bdi>
<a href="?add-to-cart=2441" data-quantity="1" data-product_id="2441" data-product_sku="5487FB8/27" aria-label="Add &ldquo;Headphones USB Wires&rdquo; to your cart" rel="nofollow">Add to cart</a><!-- /.price-add-to-cart -->
			<!-- ADD TO WISHLIST -->
	<a
		href="?add_to_wishlist=2441&#038;_wpnonce=dc6ee3cf74"
		class="add_to_wishlist single_add_to_wishlist"
		data-product-id="2441"
		data-product-type="simple"
		data-original-product-id="2441"
		data-title="Wishlist"
		rel="nofollow"
	>
				Wishlist
	</a>
			<!-- COUNT TEXT -->
<!-- /.product-loop-footer --><!-- /.product-inner --><!-- /.product-outer -->
	<a href="https://demo.madrasthemes.com/electro-elementor/product-category/accessories/headphones/" rel="tag">Headphones</a><a href="https://demo.madrasthemes.com/electro-elementor/product/ultra-wireless-s50-headphones-s50-with-bluetooth/"><h2>Ultra Wireless S50 Headphones S50 with Bluetooth</h2><img width="300" height="300" src="https://demo.madrasthemes.com/electro-elementor/wp-content/uploads/sites/51/2018/10/electro-placeholder-300x300.png" alt="" loading="lazy" /></a><!-- /.product-loop-header --><a href="https://demo.madrasthemes.com/electro-elementor/product-category/accessories/headphones/" rel="tag">Headphones</a><a href="https://demo.madrasthemes.com/electro-elementor/product/ultra-wireless-s50-headphones-s50-with-bluetooth/"><h2>Ultra Wireless S50 Headphones S50 with Bluetooth</h2>		
			Rated <strong>4.33</strong> out of 5 (3)
4.5 inch HD Touch Screen (1280 x 720)
Android 4.4 KitKat OS
1.4 GHz Quad Core™ Processor
20 MP front and 28 megapixel CMOS rear camera
<p>Lorem ipsum dolor sit amet, consectetur adipisicing elit, sed do eiusmod tempor incididunt.</p>
<p><strong>SKU</strong>: FW511948218</p>
				SKU: FW511948218</a><!-- /.product-loop-body -->
	<bdi>&pound;35.00</bdi>
<a href="?add-to-cart=2439" data-quantity="1" data-product_id="2439" data-product_sku="FW511948218" aria-label="Add &ldquo;Ultra Wireless S50 Headphones S50 with Bluetooth&rdquo; to your cart" rel="nofollow">Add to cart</a><!-- /.price-add-to-cart -->
			<!-- ADD TO WISHLIST -->
	<a
		href="?add_to_wishlist=2439&#038;_wpnonce=dc6ee3cf74"
		class="add_to_wishlist single_add_to_wishlist"
		data-product-id="2439"
		data-product-type="simple"
		data-original-product-id="2439"
		data-title="Wishlist"
		rel="nofollow"
	>
				Wishlist
	</a>
			<!-- COUNT TEXT -->
<!-- /.product-loop-footer --><!-- /.product-inner --><!-- /.product-outer -->
	<a href="https://demo.madrasthemes.com/electro-elementor/product-category/tv-audio/audio-speakers/" rel="tag">Audio Speakers</a><a href="https://demo.madrasthemes.com/electro-elementor/product/wireless-audio-system-multiroom-360/"><h2>Wireless Audio System Multiroom 360</h2><img width="300" height="300" src="https://demo.madrasthemes.com/electro-elementor/wp-content/uploads/sites/51/2018/10/electro-placeholder-300x300.png" alt="" loading="lazy" /></a><!-- /.product-loop-header --><a href="https://demo.madrasthemes.com/electro-elementor/product-category/tv-audio/audio-speakers/" rel="tag">Audio Speakers</a><a href="https://demo.madrasthemes.com/electro-elementor/product/wireless-audio-system-multiroom-360/"><h2>Wireless Audio System Multiroom 360</h2>		
			<strong>0</strong> out of 5 (0)
360 Omnidirectional Sound
Easy Intuitive Control
Multiroom App
				SKU: 5487FB8/25</a><!-- /.product-loop-body -->
	<bdi>&pound;2,299.00</bdi>
<a href="?add-to-cart=2603" data-quantity="1" data-product_id="2603" data-product_sku="5487FB8/25" aria-label="Add &ldquo;Wireless Audio System Multiroom 360&rdquo; to your cart" rel="nofollow">Add to cart</a><!-- /.price-add-to-cart -->
			<!-- ADD TO WISHLIST -->
	<a
		href="?add_to_wishlist=2603&#038;_wpnonce=dc6ee3cf74"
		class="add_to_wishlist single_add_to_wishlist"
		data-product-id="2603"
		data-product-type="simple"
		data-original-product-id="2603"
		data-title="Wishlist"
		rel="nofollow"
	>
				Wishlist
	</a>
			<!-- COUNT TEXT -->
<!-- /.product-loop-footer --><!-- /.product-inner --><!-- /.product-outer -->
	<a href="https://demo.madrasthemes.com/electro-elementor/product-category/laptops-computers/laptops-laptops-computers/" rel="tag">Laptops</a><a href="https://demo.madrasthemes.com/electro-elementor/product/tablet-white-elitebook-revolve-810-g2/"><h2>Tablet White EliteBook  Revolve 810 G2</h2><img width="300" height="300" src="https://demo.madrasthemes.com/electro-elementor/wp-content/uploads/sites/51/2018/10/electro-placeholder-300x300.png" alt="" loading="lazy" /></a><!-- /.product-loop-header --><a href="https://demo.madrasthemes.com/electro-elementor/product-category/laptops-computers/laptops-laptops-computers/" rel="tag">Laptops</a><a href="https://demo.madrasthemes.com/electro-elementor/product/tablet-white-elitebook-revolve-810-g2/"><h2>Tablet White EliteBook  Revolve 810 G2</h2>		
			Rated <strong>4.33</strong> out of 5 (3)
Screen Size: 11.6&#8243;
 Processor Type: Core i5
 Processor Speed: 1.90 GHz
Standard Memory: 4 GB
 Operating System: Windows 8.1 Pro
				SKU: 5487FB8/26</a><!-- /.product-loop-body -->
	<bdi>&pound;1,300.00</bdi>
<a href="?add-to-cart=2606" data-quantity="1" data-product_id="2606" data-product_sku="5487FB8/26" aria-label="Add &ldquo;Tablet White EliteBook  Revolve 810 G2&rdquo; to your cart" rel="nofollow">Add to cart</a><!-- /.price-add-to-cart -->
			<!-- ADD TO WISHLIST -->
	<a
		href="?add_to_wishlist=2606&#038;_wpnonce=dc6ee3cf74"
		class="add_to_wishlist single_add_to_wishlist"
		data-product-id="2606"
		data-product-type="simple"
		data-original-product-id="2606"
		data-title="Wishlist"
		rel="nofollow"
	>
				Wishlist
	</a>
			<!-- COUNT TEXT -->
<!-- /.product-loop-footer --><!-- /.product-inner --><!-- /.product-outer -->
	<a href="https://demo.madrasthemes.com/electro-elementor/product-category/accessories/headphones/" rel="tag">Headphones</a><a href="https://demo.madrasthemes.com/electro-elementor/product/purple-solo-2-wireless/"><h2>Purple Solo 2 Wireless</h2><img width="300" height="300" src="https://demo.madrasthemes.com/electro-elementor/wp-content/uploads/sites/51/2018/10/electro-placeholder-300x300.png" alt="" loading="lazy" /></a><!-- /.product-loop-header --><a href="https://demo.madrasthemes.com/electro-elementor/product-category/accessories/headphones/" rel="tag">Headphones</a><a href="https://demo.madrasthemes.com/electro-elementor/product/purple-solo-2-wireless/"><h2>Purple Solo 2 Wireless</h2>		
			<strong>0</strong> out of 5 (0)
Fine-tuned acoustics for clarity, breadth and balance
Streamlined design for a custom-fit
 Durable and foldable so you can take them on-the-go
ake calls and control music with RemoteTalk cable
				SKU: 5487FB8/24</a><!-- /.product-loop-body -->
	<bdi>&pound;248.00</bdi>
<a href="https://demo.madrasthemes.com/electro-elementor/product/purple-solo-2-wireless/" data-quantity="1" data-product_id="2608" data-product_sku="5487FB8/24" aria-label="Read more about &ldquo;Purple Solo 2 Wireless&rdquo;" rel="nofollow">Read more</a><!-- /.price-add-to-cart -->
			<!-- ADD TO WISHLIST -->
	<a
		href="?add_to_wishlist=2608&#038;_wpnonce=dc6ee3cf74"
		class="add_to_wishlist single_add_to_wishlist"
		data-product-id="2608"
		data-product-type="simple"
		data-original-product-id="2608"
		data-title="Wishlist"
		rel="nofollow"
	>
				Wishlist
	</a>
			<!-- COUNT TEXT -->
<!-- /.product-loop-footer --><!-- /.product-inner --><!-- /.product-outer -->
	<a href="https://demo.madrasthemes.com/electro-elementor/product-category/laptops-computers/laptops-laptops-computers/" rel="tag">Laptops</a><a href="https://demo.madrasthemes.com/electro-elementor/product/notebook-widescreen-y700-17-gf790/"><h2>Notebook Widescreen Y700-17 GF790</h2><img width="300" height="300" src="https://demo.madrasthemes.com/electro-elementor/wp-content/uploads/sites/51/2018/10/electro-placeholder-300x300.png" alt="" loading="lazy" /></a><!-- /.product-loop-header --><a href="https://demo.madrasthemes.com/electro-elementor/product-category/laptops-computers/laptops-laptops-computers/" rel="tag">Laptops</a><a href="https://demo.madrasthemes.com/electro-elementor/product/notebook-widescreen-y700-17-gf790/"><h2>Notebook Widescreen Y700-17 GF790</h2>		
			Rated <strong>4.00</strong> out of 5 (3)
4.5 inch HD Screen
Android 4.4 KitKat OS
1.4 GHz Quad Core™ Processor
3GB Ram
				SKU: 5487FB8/01</a><!-- /.product-loop-body -->
	<bdi>&pound;1,299.00</bdi>
<a href="?add-to-cart=2609" data-quantity="1" data-product_id="2609" data-product_sku="5487FB8/01" aria-label="Add &ldquo;Notebook Widescreen Y700-17 GF790&rdquo; to your cart" rel="nofollow">Add to cart</a><!-- /.price-add-to-cart -->
			<!-- ADD TO WISHLIST -->
	<a
		href="?add_to_wishlist=2609&#038;_wpnonce=dc6ee3cf74"
		class="add_to_wishlist single_add_to_wishlist"
		data-product-id="2609"
		data-product-type="simple"
		data-original-product-id="2609"
		data-title="Wishlist"
		rel="nofollow"
	>
				Wishlist
	</a>
			<!-- COUNT TEXT -->
<!-- /.product-loop-footer --><!-- /.product-inner --><!-- /.product-outer -->
	<a href="https://demo.madrasthemes.com/electro-elementor/product-category/laptops-computers/laptops-laptops-computers/" rel="tag">Laptops</a><a href="https://demo.madrasthemes.com/electro-elementor/product/laptop-wifi-cx61-2qf-15-6-4210m/"><h2>Laptop WiFi CX61 2QF 15.6&#8243; 4210M</h2><img width="300" height="300" src="https://demo.madrasthemes.com/electro-elementor/wp-content/uploads/sites/51/2018/10/electro-placeholder-300x300.png" alt="" loading="lazy" /></a><!-- /.product-loop-header --><a href="https://demo.madrasthemes.com/electro-elementor/product-category/laptops-computers/laptops-laptops-computers/" rel="tag">Laptops</a><a href="https://demo.madrasthemes.com/electro-elementor/product/laptop-wifi-cx61-2qf-15-6-4210m/"><h2>Laptop WiFi CX61 2QF 15.6&#8243; 4210M</h2>		
			Rated <strong>4.67</strong> out of 5 (3)
Intel Core i5 processors (13-inch model)
Intel Iris Graphics 6100 (13-inch model)
Flash storage
Up to 10 hours of battery life2 (13-inch model)
Force Touch trackpad (13-inch model)
				SKU: 5487FB8/02</a><!-- /.product-loop-body -->
	<bdi>&pound;2,299.00</bdi>
<a href="?add-to-cart=2611" data-quantity="1" data-product_id="2611" data-product_sku="5487FB8/02" aria-label="Add &ldquo;Laptop WiFi CX61 2QF 15.6&quot; 4210M&rdquo; to your cart" rel="nofollow">Add to cart</a><!-- /.price-add-to-cart -->
			<!-- ADD TO WISHLIST -->
	<a
		href="?add_to_wishlist=2611&#038;_wpnonce=dc6ee3cf74"
		class="add_to_wishlist single_add_to_wishlist"
		data-product-id="2611"
		data-product-type="simple"
		data-original-product-id="2611"
		data-title="Wishlist"
		rel="nofollow"
	>
				Wishlist
	</a>
			<!-- COUNT TEXT -->
<!-- /.product-loop-footer --><!-- /.product-inner --><!-- /.product-outer -->
	<a href="https://demo.madrasthemes.com/electro-elementor/product-category/laptops-computers/laptops-laptops-computers/" rel="tag">Laptops</a><a href="https://demo.madrasthemes.com/electro-elementor/product/laptop-screener-cx70-2qf-621xpl-17-3-4210/"><h2>Laptop Screener CX70  2QF-621XPL 17.3&#8243; 4210</h2><img width="300" height="300" src="https://demo.madrasthemes.com/electro-elementor/wp-content/uploads/sites/51/2018/10/electro-placeholder-300x300.png" alt="" loading="lazy" /></a><!-- /.product-loop-header --><a href="https://demo.madrasthemes.com/electro-elementor/product-category/laptops-computers/laptops-laptops-computers/" rel="tag">Laptops</a><a href="https://demo.madrasthemes.com/electro-elementor/product/laptop-screener-cx70-2qf-621xpl-17-3-4210/"><h2>Laptop Screener CX70  2QF-621XPL 17.3&#8243; 4210</h2>		
			Rated <strong>4.67</strong> out of 5 (3)
Intel Core i5 processors (13-inch model)
Intel Iris Graphics 6100 (13-inch model)
Flash storage
Up to 10 hours of battery life2 (13-inch model)
Force Touch trackpad (13-inch model)
				SKU: 5487FB8/04</a><!-- /.product-loop-body -->
	<bdi>&pound;2,399.00</bdi>
<a href="?add-to-cart=2613" data-quantity="1" data-product_id="2613" data-product_sku="5487FB8/04" aria-label="Add &ldquo;Laptop Screener CX70  2QF-621XPL 17.3&quot; 4210&rdquo; to your cart" rel="nofollow">Add to cart</a><!-- /.price-add-to-cart -->
			<!-- ADD TO WISHLIST -->
	<a
		href="?add_to_wishlist=2613&#038;_wpnonce=dc6ee3cf74"
		class="add_to_wishlist single_add_to_wishlist"
		data-product-id="2613"
		data-product-type="simple"
		data-original-product-id="2613"
		data-title="Wishlist"
		rel="nofollow"
	>
				Wishlist
	</a>
			<!-- COUNT TEXT -->
<!-- /.product-loop-footer --><!-- /.product-inner --><!-- /.product-outer -->
	<a href="https://demo.madrasthemes.com/electro-elementor/product-category/laptops-computers/laptops-laptops-computers/" rel="tag">Laptops</a><a href="https://demo.madrasthemes.com/electro-elementor/product/laptop-r752lj-173-5200u-4gb-1tb/"><h2>Laptop R752LJ 17,3&#8221;  5200U 4GB 1TB</h2><img width="300" height="300" src="https://demo.madrasthemes.com/electro-elementor/wp-content/uploads/sites/51/2018/10/electro-placeholder-300x300.png" alt="" loading="lazy" /></a><!-- /.product-loop-header --><a href="https://demo.madrasthemes.com/electro-elementor/product-category/laptops-computers/laptops-laptops-computers/" rel="tag">Laptops</a><a href="https://demo.madrasthemes.com/electro-elementor/product/laptop-r752lj-173-5200u-4gb-1tb/"><h2>Laptop R752LJ 17,3&#8221;  5200U 4GB 1TB</h2>		
			Rated <strong>3.67</strong> out of 5 (3)
Intel® Core™ i5-5200U, 2,2 GHz
1 TB HDD, 8 GB RAM
NVIDIA® GeForce® 920M
Windows 10 Home (64 Bit)
				SKU: 5487FB8/05</a><!-- /.product-loop-body -->
	<bdi>&pound;1,100.00</bdi>
<a href="https://demo.madrasthemes.com/electro-elementor/product/laptop-r752lj-173-5200u-4gb-1tb/" data-quantity="1" data-product_id="2617" data-product_sku="5487FB8/05" aria-label="Read more about &ldquo;Laptop R752LJ 17,3&#039;&#039;  5200U 4GB 1TB&rdquo;" rel="nofollow">Read more</a><!-- /.price-add-to-cart -->
			<!-- ADD TO WISHLIST -->
	<a
		href="?add_to_wishlist=2617&#038;_wpnonce=dc6ee3cf74"
		class="add_to_wishlist single_add_to_wishlist"
		data-product-id="2617"
		data-product-type="simple"
		data-original-product-id="2617"
		data-title="Wishlist"
		rel="nofollow"
	>
				Wishlist
	</a>
			<!-- COUNT TEXT -->
<!-- /.product-loop-footer --><!-- /.product-inner --><!-- /.product-outer -->
			</section>]]></content:encoded>
		<excerpt:encoded><![CDATA[]]></excerpt:encoded>
		<wp:post_id>5880</wp:post_id>
		<wp:post_date><![CDATA[2022-06-27 08:24:21]]></wp:post_date>
		<wp:post_date_gmt><![CDATA[2022-06-27 08:24:21]]></wp:post_date_gmt>
		<wp:post_modified><![CDATA[2022-06-27 11:11:48]]></wp:post_modified>
		<wp:post_modified_gmt><![CDATA[2022-06-27 11:11:48]]></wp:post_modified_gmt>
		<wp:comment_status><![CDATA[closed]]></wp:comment_status>
		<wp:ping_status><![CDATA[closed]]></wp:ping_status>
		<wp:post_name><![CDATA[home-v11-elementor]]></wp:post_name>
		<wp:status><![CDATA[publish]]></wp:status>
		<wp:post_parent>0</wp:post_parent>
		<wp:menu_order>0</wp:menu_order>
		<wp:post_type><![CDATA[elementor_library]]></wp:post_type>
		<wp:post_password><![CDATA[]]></wp:post_password>
		<wp:is_sticky>0</wp:is_sticky>
										<category domain="elementor_library_type" nicename="page"><![CDATA[page]]></category>
						<wp:postmeta>
		<wp:meta_key><![CDATA[_elementor_edit_mode]]></wp:meta_key>
		<wp:meta_value><![CDATA[builder]]></wp:meta_value>
		</wp:postmeta>
							<wp:postmeta>
		<wp:meta_key><![CDATA[_elementor_template_type]]></wp:meta_key>
		<wp:meta_value><![CDATA[page]]></wp:meta_value>
		</wp:postmeta>
							<wp:postmeta>
		<wp:meta_key><![CDATA[_elementor_version]]></wp:meta_key>
		<wp:meta_value><![CDATA[3.5.5]]></wp:meta_value>
		</wp:postmeta>
							<wp:postmeta>
		<wp:meta_key><![CDATA[_wp_page_template]]></wp:meta_key>
		<wp:meta_value><![CDATA[elementor_header_footer]]></wp:meta_value>
		</wp:postmeta>
							<wp:postmeta>
		<wp:meta_key><![CDATA[_elementor_data]]></wp:meta_key>
		<wp:meta_value><![CDATA[[{"id":"6eead3ca","elType":"section","settings":{"layout":"full_width","background_background":"classic","background_image":{"id":5024,"url":"https:\/\/demo.madrasthemes.com\/electro-elementor\/wp-content\/uploads\/sites\/51\/2018\/10\/electro-home-placeholder-background-2.png","alt":"","source":"library"},"container_class":"container","stretch_section":"section-stretched","css_classes":"pt-6 z-n1","html_tag":"div"},"elements":[{"id":"512a409f","elType":"column","settings":{"_column_size":100,"_inline_size":null,"widget_wrapper_css":"p-0","background_background":"classic","background_image":{"url":"","id":"","alt":"","source":"library"},"space_between_widgets":0},"elements":[{"id":"4407e76f","elType":"widget","settings":{"wp":{"rev_slider_title":"","rev_slider":"8","rev_slider_pages":""},"_background_background":"classic","_background_image":{"url":"","id":"","alt":"","source":"library"}},"elements":[],"widgetType":"wp-widget-rev-slider-widget"}],"isInner":false}],"isInner":false},{"id":"5bcda5de","elType":"section","settings":{"layout":"full_width","html_tag":"div"},"elements":[{"id":"95c01fd","elType":"column","settings":{"_column_size":100,"_inline_size":null,"space_between_widgets":0,"widget_wrapper_css":"p-0","padding":{"unit":"px","top":"0","right":"0","bottom":"0","left":"0","isLinked":true}},"elements":[{"id":"54c8d25e","elType":"widget","settings":{"brands_title":"Brands:","brands_action_text":"+ More Brands","brands_limit":6,"brands_orderby":"name","category_child_limit":"5","category_orderby":"name","category_limit":"8","category_action_text":"...","category_arrow_icon":"fas fa-chevron-right","category_hide_empty":"true","cat_include":"88,89,93,96,103,106,126,140","brands_hide_empty":"true"},"elements":[],"widgetType":"electro_elementor_brands_with_category_block"}],"isInner":false}],"isInner":false},{"id":"7c145363","elType":"section","settings":{"layout":"full_width","html_tag":"div"},"elements":[{"id":"721e0c7c","elType":"column","settings":{"_column_size":100,"_inline_size":null,"space_between_widgets":0,"widget_wrapper_css":"p-0"},"elements":[{"id":"498960b3","elType":"widget","settings":{"image":{"id":5024,"url":"https:\/\/demo.madrasthemes.com\/electro-elementor\/wp-content\/uploads\/sites\/51\/2018\/10\/electro-home-placeholder-background-2.png","alt":"","source":"library"},"title":"OUTLET DEALS <span class=\"d-block\">CLEARANCE<\/span>","subtitle":"SAVE UP TO","offer_text":"70<sup class=\"font-size-36\">%<\/sup><sub class=\"font-size-16\">OFF!<\/sub>","button_text":"Start Buying","button_url":"Start Buying","per_page":10,"orderby":"date","cat_operator":"IN","terms_operator":"IN","items":"5"},"elements":[],"widgetType":"electro_elementor_banner_with_products_carousel"}],"isInner":false}],"isInner":false},{"id":"2b961b63","elType":"section","settings":{"layout":"full_width","html_tag":"div","css_classes":"home-two-banners","container_class":"banners columns-2","structure":"20"},"elements":[{"id":"72473eb7","elType":"column","settings":{"_column_size":50,"_inline_size":null,"space_between_widgets":0,"css_classes":"banner ps-sm-0","widget_wrapper_css":"px-0 py-sm-0"},"elements":[{"id":"600a80a2","elType":"widget","settings":{"image":{"id":5013,"url":"https:\/\/demo.madrasthemes.com\/electro-elementor\/wp-content\/uploads\/sites\/51\/2018\/10\/electro-home-banner-5.png","alt":"","source":"library"},"image_size":"full","link_to":"file"},"elements":[],"widgetType":"image"}],"isInner":false},{"id":"20782201","elType":"column","settings":{"_column_size":50,"_inline_size":null,"space_between_widgets":0,"css_classes":"banner pe-sm-0","widget_wrapper_css":"px-0 py-sm-0"},"elements":[{"id":"27ebf8c2","elType":"widget","settings":{"image":{"id":5013,"url":"https:\/\/demo.madrasthemes.com\/electro-elementor\/wp-content\/uploads\/sites\/51\/2018\/10\/electro-home-banner-5.png","alt":"","source":"library"},"image_size":"full","link_to":"file"},"elements":[],"widgetType":"image"}],"isInner":false}],"isInner":false},{"id":"37d38d5c","elType":"section","settings":{"layout":"full_width","html_tag":"div"},"elements":[{"id":"3d0e5746","elType":"column","settings":{"_column_size":100,"_inline_size":null,"space_between_widgets":0,"widget_wrapper_css":"p-0"},"elements":[{"id":"4034fa42","elType":"widget","settings":{"title":"Price Deals","button_text":"Go to Daily Deals Section","limit":"10","orderby":"date","order":"ASC","cat_operator":"IN","items":"7","items_0":"2","items_480":"2","items_768":"3","items_992":"4"},"elements":[],"widgetType":"electro_elementor_products_carousel_1_block"}],"isInner":false}],"isInner":false},{"id":"63a47021","elType":"section","settings":{"layout":"full_width","html_tag":"div"},"elements":[{"id":"218f7c28","elType":"column","settings":{"_column_size":100,"_inline_size":null,"space_between_widgets":0,"widget_wrapper_css":"p-0"},"elements":[{"id":"5a27cb4b","elType":"widget","settings":{"title":"Trending products","button_text":"Go to Trending products","limit":"10","orderby":"date","order":"ASC","cat_operator":"IN","items":"7","el_class":"mb-0","items_0":"2","items_480":"2","items_768":"3","items_992":"4"},"elements":[],"widgetType":"electro_elementor_products_carousel_1_block"}],"isInner":false}],"isInner":false}]]]></wp:meta_value>
		</wp:postmeta>
							<wp:postmeta>
		<wp:meta_key><![CDATA[_elementor_page_assets]]></wp:meta_key>
		<wp:meta_value><![CDATA[a:0:{}]]></wp:meta_value>
		</wp:postmeta>
							<wp:postmeta>
		<wp:meta_key><![CDATA[_edit_last]]></wp:meta_key>
		<wp:meta_value><![CDATA[1208]]></wp:meta_value>
		</wp:postmeta>
							<wp:postmeta>
		<wp:meta_key><![CDATA[rs_page_bg_color]]></wp:meta_key>
		<wp:meta_value><![CDATA[]]></wp:meta_value>
		</wp:postmeta>
							</item>
					
				</channel>
</rss>
	