<?xml version="1.0" encoding="UTF-8" ?>
<!-- This is a WordPress eXtended RSS file generated by WordPress as an export of your site. -->
<!-- It contains information about your site's posts, pages, comments, categories, and other content. -->
<!-- You may use this file to transfer that content from one site to another. -->
<!-- This file is not intended to serve as a complete backup of your site. -->

<!-- To import this information into a WordPress site follow these steps: -->
<!-- 1. Log in to that site as an administrator. -->
<!-- 2. Go to Tools: Import in the WordPress admin panel. -->
<!-- 3. Install the "WordPress" importer from the list. -->
<!-- 4. Activate & Run Importer. -->
<!-- 5. Upload this file using the form provided on that page. -->
<!-- 6. You will first be asked to map the authors in this export file to users -->
<!--    on the site. For each author, you may choose to map to an -->
<!--    existing user on the site or to create a new user. -->
<!-- 7. WordPress will then import each of the posts, pages, comments, categories, etc. -->
<!--    contained in this file into your site. -->

	<!-- generator="WordPress/5.9.3" created="2022-06-27 11:07" -->
<rss version="2.0" xmlns:excerpt="http://wordpress.org/export/1.2/excerpt/" xmlns:content="http://purl.org/rss/1.0/modules/content/" xmlns:wfw="http://wellformedweb.org/CommentAPI/" xmlns:dc="http://purl.org/dc/elements/1.1/" xmlns:wp="http://wordpress.org/export/1.2/">

<channel>
	<title>Electro</title>
	<link>https://demo.madrasthemes.com/electro-elementor</link>
	<description>Electronics Store WooCommerce Theme</description>
	<pubDate>Mon, 27 Jun 2022 11:07:00 +0000</pubDate>
	<language>en-US</language>
	<wp:wxr_version>1.2</wp:wxr_version>
	<wp:base_site_url>https://demo.madrasthemes.com/</wp:base_site_url>
	<wp:base_blog_url>https://demo.madrasthemes.com/electro-elementor</wp:base_blog_url>

		<wp:author><wp:author_id>6</wp:author_id><wp:author_login><![CDATA[abbas]]></wp:author_login><wp:author_email><![CDATA[abbas@example.com]]></wp:author_email><wp:author_display_name><![CDATA[abbas]]></wp:author_display_name><wp:author_first_name><![CDATA[]]></wp:author_first_name><wp:author_last_name><![CDATA[]]></wp:author_last_name></wp:author>
	<wp:author><wp:author_id>1208</wp:author_id><wp:author_login><![CDATA[haled]]></wp:author_login><wp:author_email><![CDATA[haled@example.com]]></wp:author_email><wp:author_display_name><![CDATA[haled]]></wp:author_display_name><wp:author_first_name><![CDATA[]]></wp:author_first_name><wp:author_last_name><![CDATA[]]></wp:author_last_name></wp:author>

				
	<generator>https://wordpress.org/?v=5.9.3</generator>

		
					
					
					
					
					
					
					
					
					
					
					
					
					
					
					
					
					
					<item>
		<title><![CDATA[Home v10 Elementor]]></title>
		<link>https://demo.madrasthemes.com/electro-elementor/?elementor_library=home-v10-elementor</link>
		<pubDate>Mon, 27 Jun 2022 11:02:25 +0000</pubDate>
		<dc:creator><![CDATA[haled]]></dc:creator>
		<guid isPermaLink="false">https://demo.madrasthemes.com/electro-elementor/?elementor_library=home-v10-elementor</guid>
		<description/>
		<content:encoded><![CDATA[<!-- START Homev10slider REVOLUTION SLIDER 6.5.7 --><p></p>
			<rs-module-wrap id="rev_slider_7_1_wrapper" data-alias="home-v10-slider" data-source="gallery" style="visibility:hidden;background:transparent;padding:0;margin:0px auto;margin-top:0;margin-bottom:0;max-width:;">
				<rs-module id="rev_slider_7_1" style="" data-version="6.5.7">
					<rs-slides>
						<rs-slide style="position: absolute;" data-key="rs-21" data-title="Slide" data-anim="ms:600;" data-in="o:0;" data-out="a:false;">
							<img src="//demo.madrasthemes.com/electro-elementor/wp-content/plugins/revslider/public/assets/assets/transparent.png" alt="Slide" title="Home v10 el" data-no-retina>
<!--
							--><rs-layer
								id="slider-7-slide-21-layer-2" 
								data-type="image"
								data-rsp_ch="on"
								data-xy="xo:477px,477px,410px,379px;yo:60px,60px,13px,8px;"
								data-text="l:22;"
								data-dim="w:300px,300px,334px,285px;h:300px,300px,439px,373px;"
								data-frame_0="y:bottom;o:1;"
								data-frame_1="e:power2.inOut;st:500;sR:500;"
								data-frame_999="o:0;e:nothing;st:w;sR:8200;"
								style="z-index:11;"
							><img src="//demo.madrasthemes.com/electro-elementor/wp-content/uploads/sites/51/2018/10/electro-slider-placeholder.png" width="400" height="400" data-no-retina> 
							</rs-layer><!--
							--><rs-layer
								id="slider-7-slide-21-layer-3" 
								data-type="text"
								data-color="rgba(51, 62, 72, 1)"
								data-xy="xo:18px,18px,34px,30px;yo:99px,99px,93px,103px;"
								data-text="w:normal;s:46,46,32,30;l:49,49,38,35;fw:300;a:center,center,left,left;"
								data-dim="w:auto,auto,348px,304px;"
								data-frame_0="y:bottom;o:1;rX:-20deg;rY:-20deg;"
								data-frame_1="e:power3.out;st:690;sp:940;sR:690;"
								data-frame_999="o:0;e:nothing;st:w;sR:7370;"
								style="z-index:8;font-family:'Open Sans';"
							>TIMEPIECES THAT <br>MAKE A STATEMENT <br>UP TO <strong>40% OFF</strong> 
							</rs-layer><!--
							--><rs-layer
								id="slider-7-slide-21-layer-6" 
								data-type="text"
								data-color="rgba(52, 188, 236, 1)"
								data-rsp_ch="on"
								data-xy="xo:113px,113px,38px,30px;yo:65px,65px,52px,52px;"
								data-text="w:normal;s:15,15,18,18;l:22;fw:700,700,400,400;"
								data-dim="w:343px;"
								data-frame_0="y:-50px;"
								data-frame_1="e:power2.out;st:1110;sp:1000;sR:1110;"
								data-frame_999="o:0;e:nothing;st:w;sR:6890;"
								style="z-index:9;font-family:'Open Sans';"
							>SHOP TO GET WHAT YOU LOVE 
							</rs-layer><!--
							--><rs-layer
								id="slider-7-slide-21-layer-7" 
								class="slider-sm-btn btn-primary rev-btn"
								data-type="button"
								data-color="rgba(51, 62, 72, 1)"
								data-xy="xo:129px,129px,37px,30px;yo:260px,260px,247px,237px;"
								data-text="s:16,16,18,14;l:17;fw:400,400,300,300;"
								data-rsp_bd="off"
								data-padding="t:12,12,14,14;r:48,48,58,58;b:12,12,14,14;l:48,48,58,58;"
								data-border="bor:10px,10px,10px,10px;"
								data-frame_1="e:power2.inOut;st:1110;sR:1110;"
								data-frame_999="o:0;e:nothing;st:w;sR:7590;"
								data-frame_hover="c:#333e48;bgc:#efca00;boc:#000;bor:10px,10px,10px,10px;bos:solid;oX:50;oY:50;sp:0;"
								style="z-index:10;background-color:rgba(254,215,0,1);font-family:'Open Sans';cursor:pointer;outline:none;box-shadow:none;box-sizing:border-box;-moz-box-sizing:border-box;-webkit-box-sizing:border-box;"
							>Start Buying 
							</rs-layer><!--
-->						</rs-slide>
						<rs-slide style="position: absolute;" data-key="rs-22" data-title="Slide" data-anim="ms:600;" data-in="o:0;" data-out="a:false;">
							<img src="//demo.madrasthemes.com/electro-elementor/wp-content/plugins/revslider/public/assets/assets/transparent.png" alt="Slide" title="Home v10 el" data-no-retina>
<!--
							--><rs-layer
								id="slider-7-slide-22-layer-2" 
								data-type="image"
								data-rsp_ch="on"
								data-xy="xo:477px,477px,410px,379px;yo:60px,60px,13px,8px;"
								data-text="l:22;"
								data-dim="w:300px,300px,334px,285px;h:300px,300px,439px,373px;"
								data-frame_0="y:bottom;o:1;"
								data-frame_1="e:power2.inOut;st:500;sR:500;"
								data-frame_999="o:0;e:nothing;st:w;sR:8200;"
								style="z-index:11;"
							><img src="//demo.madrasthemes.com/electro-elementor/wp-content/uploads/sites/51/2018/10/electro-slider-placeholder.png" width="400" height="400" data-no-retina> 
							</rs-layer><!--
							--><rs-layer
								id="slider-7-slide-22-layer-3" 
								data-type="text"
								data-color="rgba(51, 62, 72, 1)"
								data-xy="xo:18px,18px,34px,30px;yo:99px,99px,93px,103px;"
								data-text="w:normal;s:46,46,32,30;l:49,49,38,35;fw:300;a:center,center,left,left;"
								data-dim="w:auto,auto,348px,304px;"
								data-frame_0="y:bottom;o:1;rX:-20deg;rY:-20deg;"
								data-frame_1="e:power3.out;st:690;sp:940;sR:690;"
								data-frame_999="o:0;e:nothing;st:w;sR:7370;"
								style="z-index:8;font-family:'Open Sans';"
							>TIMEPIECES THAT <br>MAKE A STATEMENT <br>UP TO <strong>40% OFF</strong> 
							</rs-layer><!--
							--><rs-layer
								id="slider-7-slide-22-layer-6" 
								data-type="text"
								data-color="rgba(52, 188, 236, 1)"
								data-rsp_ch="on"
								data-xy="xo:113px,113px,38px,30px;yo:65px,65px,52px,52px;"
								data-text="w:normal;s:15,15,18,18;l:22;fw:700,700,400,400;"
								data-dim="w:343px;"
								data-frame_0="y:-50px;"
								data-frame_1="e:power2.out;st:1110;sp:1000;sR:1110;"
								data-frame_999="o:0;e:nothing;st:w;sR:6890;"
								style="z-index:9;font-family:'Open Sans';"
							>SHOP TO GET WHAT YOU LOVE 
							</rs-layer><!--
							--><rs-layer
								id="slider-7-slide-22-layer-7" 
								class="slider-sm-btn btn-primary rev-btn"
								data-type="button"
								data-color="rgba(51, 62, 72, 1)"
								data-xy="xo:129px,129px,37px,30px;yo:260px,260px,247px,237px;"
								data-text="s:16,16,18,14;l:17;fw:400,400,300,300;"
								data-rsp_bd="off"
								data-padding="t:12,12,14,14;r:48,48,58,58;b:12,12,14,14;l:48,48,58,58;"
								data-border="bor:10px,10px,10px,10px;"
								data-frame_1="e:power2.inOut;st:1110;sR:1110;"
								data-frame_999="o:0;e:nothing;st:w;sR:7590;"
								data-frame_hover="c:#333e48;bgc:#efca00;boc:#000;bor:10px,10px,10px,10px;bos:solid;oX:50;oY:50;sp:0;"
								style="z-index:10;background-color:rgba(254,215,0,1);font-family:'Open Sans';cursor:pointer;outline:none;box-shadow:none;box-sizing:border-box;-moz-box-sizing:border-box;-webkit-box-sizing:border-box;"
							>Start Buying 
							</rs-layer><!--
-->						</rs-slide>
					</rs-slides>
				</rs-module>
			</rs-module-wrap>
			<!-- END REVOLUTION SLIDER -->
						<a href="">
									<img width="140" height="140" src="https://demo.madrasthemes.com/electro-elementor/wp-content/uploads/sites/51/2018/10/electro-description-placeholder-ads.png" alt="" loading="lazy">
										Catch Big <strong>Deals</strong> on<br>The Consoles 									
										Shop now									
						</a>
						<a href="">
									<img width="140" height="140" src="https://demo.madrasthemes.com/electro-elementor/wp-content/uploads/sites/51/2018/10/electro-description-placeholder-ads.png" alt="" loading="lazy">
										Catch Big <strong>Deals</strong> on<br>The Consoles 									
										Shop now									
						</a>
																			<section>
											<header>
												<h2>Assortment</h2>
											</header>
										</section>
								<ul id="menu-all-departments-menu"><li id="menu-item-4155"><a title="Value of the Day" href="https://demo.madrasthemes.com/electro-elementor/home-v2/">Value of the Day</a></li>
<li id="menu-item-4156"><a title="Top 100 Offers" href="https://demo.madrasthemes.com/electro-elementor/home-v3/">Top 100 Offers</a></li>
<li id="menu-item-4157"><a title="New Arrivals" href="https://demo.madrasthemes.com/electro-elementor/home-v3-full-color-background/">New Arrivals</a></li>
<li id="menu-item-4760"><a title="Computers &amp; Accessories" href="#" data-bs-toggle="dropdown-hover" aria-haspopup="true">Computers &#038; Accessories</a>
<ul role="menu">
	<li id="menu-item-4116"><p>[vc_row el_class="bg-yamm-content bg-yamm-content-bottom bg-yamm-content-right"][vc_column][vc_single_image image="5089" img_size="full"][/vc_column][/vc_row][vc_row][vc_column width="1/2"][vc_column_text]</p>
<ul>
<li>Computers &amp; Accessories</li>
<li><a href="#">All Computers &amp; Accessories</a></li>
<li><a href="#">Laptops, Desktops &amp; Monitors</a></li>
<li><a href="#">Printers &amp; Ink</a></li>
<li><a href="#">Networking &amp; Internet Devices</a></li>
<li><a href="#">Computer Accessories</a></li>
<li><a href="#">Software</a></li>
<li></li>
<li><a href="#">All ElectronicsDiscover more products</a></li>
</ul>
<p>[/vc_column_text][/vc_column][vc_column width="1/2"][vc_column_text]</p>
<ul>
<li>Office &amp; Stationery</li>
<li><a href="#">All Office &amp; Stationery</a></li>
</ul>
<p>[/vc_column_text][/vc_column][/vc_row]</p>
</li>
</ul>
</li>
<li id="menu-item-4761"><a title="Cameras, Audio &amp; Video" href="#" data-bs-toggle="dropdown-hover" aria-haspopup="true">Cameras, Audio &#038; Video</a>
<ul role="menu">
	<li id="menu-item-4115"><p>[vc_row el_class="bg-yamm-content"][vc_column][vc_single_image image="5089" img_size="full"][/vc_column][/vc_row][vc_row][vc_column width="1/2"][vc_column_text]</p>
<ul>
<li><a href="#">Cameras &amp; Photography</a></li>
<li><a href="#">Lenses</a></li>
<li><a href="#">Camera Accessories</a></li>
<li><a href="#">Security &amp; Surveillance</a></li>
<li><a href="#">Binoculars &amp; Telescopes</a></li>
<li><a href="#">Camcorders</a></li>
<li></li>
<li><a href="#">All ElectronicsDiscover more products</a></li>
</ul>
<p>[/vc_column_text][/vc_column][vc_column width="1/2"][vc_column_text]</p>
<ul>
<li>Audio &amp; Video</li>
<li><a href="#">All Audio &amp; Video</a></li>
<li><a href="#">Headphones &amp; Speakers</a></li>
</ul>
<p>[/vc_column_text][/vc_column][/vc_row]</p>
</li>
</ul>
</li>
<li id="menu-item-4762"><a title="Mobiles &amp; Tablets" href="#" data-bs-toggle="dropdown-hover" aria-haspopup="true">Mobiles &#038; Tablets</a>
<ul role="menu">
	<li id="menu-item-5084"><p>[vc_row el_class="bg-yamm-content"][vc_column][vc_single_image image="5089" img_size="full"][/vc_column][/vc_row][vc_row][vc_column width="1/2"][vc_column_text]</p>
<ul>
<li>Audio &amp; Video</li>
<li><a href="#">All Audio &amp; Video</a></li>
<li><a href="#">Televisions</a></li>
<li><a href="#">Headphones</a></li>
<li><a href="#">Speakers</a></li>
<li><a href="#">Audio &amp; Video Accessories</a></li>
<li></li>
<li><a href="#">Electro Home AppliancesAvailable in select cities</a></li>
</ul>
<p>[/vc_column_text][/vc_column][vc_column width="1/2"][vc_column_text]</p>
<ul>
<li>Music</li>
<li><a href="#">Televisions</a></li>
<li><a href="#">Headphones</a></li>
</ul>
<p>[/vc_column_text][/vc_column][/vc_row]</p>
</li>
</ul>
</li>
<li id="menu-item-4763"><a title="Movies, Music &amp; Video Games" href="#" data-bs-toggle="dropdown-hover" aria-haspopup="true">Movies, Music &#038; Video Games</a>
<ul role="menu">
	<li id="menu-item-4118"><p>[vc_row el_class="bg-yamm-content"][vc_column][vc_single_image image="5089" img_size="full"][/vc_column][/vc_row][vc_row][vc_column width="1/2"][vc_column_text]</p>
<ul>
<li>Movies &amp; TV Shows</li>
<li><a href="#">All Movies &amp; TV Shows</a></li>
<li><a href="#">All English</a></li>
<li><a href="#">All Hindi</a></li>
<li></li>
<li>Video Games</li>
<li><a href="#">PC Games</a></li>
<li><a href="#">Consoles</a></li>
<li><a href="#">Accessories</a></li>
</ul>
<p>[/vc_column_text][/vc_column][vc_column width="1/2"][vc_column_text]</p>
<ul>
<li>Music</li>
<li><a href="#">All Music</a></li>
<li><a href="#">Indian Classical</a></li>
<li><a href="#">Musical Instruments</a></li>
</ul>
<p>[/vc_column_text][/vc_column][/vc_row]</p>
</li>
</ul>
</li>
<li id="menu-item-4768"><a title="TV &amp; Audio" href="#" data-bs-toggle="dropdown-hover" aria-haspopup="true">TV &#038; Audio</a>
<ul role="menu">
	<li id="menu-item-4120"><p>[vc_row el_class="bg-yamm-content"][vc_column][vc_single_image image="5089" img_size="full"][/vc_column][/vc_row][vc_row][vc_column width="1/2"][vc_column_text]</p>
<ul>
<li>Audio &amp; Video</li>
<li><a href="#">All Audio &amp; Video</a></li>
<li><a href="#">Televisions</a></li>
<li><a href="#">Headphones</a></li>
<li><a href="#">Speakers</a></li>
<li><a href="#">Audio &amp; Video Accessories</a></li>
<li></li>
<li><a href="#">Electro Home AppliancesAvailable in select cities</a></li>
</ul>
<p>[/vc_column_text][/vc_column][vc_column width="1/2"][vc_column_text]</p>
<ul>
<li>Music</li>
<li><a href="#">Televisions</a></li>
<li><a href="#">Headphones</a></li>
</ul>
<p>[/vc_column_text][/vc_column][/vc_row]</p>
</li>
</ul>
</li>
<li id="menu-item-4764"><a title="Watches &amp; Eyewear" href="#" data-bs-toggle="dropdown-hover" aria-haspopup="true">Watches &#038; Eyewear</a>
<ul role="menu">
	<li id="menu-item-4119"><p>[vc_row el_class="bg-yamm-content"][vc_column][vc_single_image image="5089" img_size="full"][/vc_column][/vc_row][vc_row][vc_column width="1/2"][vc_column_text]</p>
<ul>
<li>Watches</li>
<li><a href="#">All Watches</a></li>
<li><a href="#">Men's Watches</a></li>
<li><a href="#">Women's Watches</a></li>
<li><a href="#">Premium Watches</a></li>
<li><a href="#">Deals on Watches</a></li>
</ul>
<p>[/vc_column_text][/vc_column][vc_column width="1/2"][vc_column_text]</p>
<ul>
<li>Eyewear</li>
<li><a href="#">Men's Sunglasses</a></li>
</ul>
<p>[/vc_column_text][/vc_column][/vc_row]</p>
</li>
</ul>
</li>
<li id="menu-item-4765"><a title="Car, Motorbike &amp; Industrial" href="#" data-bs-toggle="dropdown-hover" aria-haspopup="true">Car, Motorbike &#038; Industrial</a>
<ul role="menu">
	<li id="menu-item-4121"><p>[vc_row el_class="bg-yamm-content"][vc_column][vc_single_image image="5089" img_size="full"][/vc_column][/vc_row][vc_row][vc_column width="1/2"][vc_column_text]</p>
<ul>
<li>Car &amp; Motorbike</li>
<li><a href="#">All Cars &amp; Bikes</a></li>
<li><a href="#">Car &amp; Bike Care</a></li>
<li><a href="#">Lubricants</a></li>
<li></li>
<li>Shop for Bike</li>
<li><a href="#">Helmets &amp; Gloves</a></li>
<li><a href="#">Bike Parts</a></li>
</ul>
<p>[/vc_column_text][/vc_column][vc_column width="1/2"][vc_column_text]</p>
<ul>
<li>Industrial Supplies</li>
<li><a href="#">All Industrial Supplies</a></li>
<li><a href="#">Lab &amp; Scientific</a></li>
</ul>
<p>[/vc_column_text][/vc_column][/vc_row]</p>
</li>
</ul>
</li>
<li id="menu-item-4769"><a title="Accessories" href="#" data-bs-toggle="dropdown-hover" aria-haspopup="true">Accessories</a>
<ul role="menu">
	<li id="menu-item-4770"><a title="Cases" href="#">Cases</a></li>
	<li id="menu-item-4771"><a title="Chargers" href="#">Chargers</a></li>
	<li id="menu-item-4772"><a title="Headphone Accessories" href="#">Headphone Accessories</a></li>
	<li id="menu-item-4773"><a title="Headphone Cases" href="#">Headphone Cases</a></li>
	<li id="menu-item-4774"><a title="Headphones" href="#">Headphones</a></li>
	<li id="menu-item-4775"><a title="Computer Accessories" href="#">Computer Accessories</a></li>
	<li id="menu-item-4776"><a title="Laptop Accessories" href="#">Laptop Accessories</a></li>
</ul>
</li>
</ul>							
								<img width="189" height="300" src="https://demo.madrasthemes.com/electro-elementor/wp-content/uploads/sites/51/2018/10/electro-home-placeholder-sidebar-1-189x300.png" alt="" loading="lazy" style="max-width: 100%; height: auto;" srcset="https://demo.madrasthemes.com/electro-elementor/wp-content/uploads/sites/51/2018/10/electro-home-placeholder-sidebar-1-189x300.png 189w, https://demo.madrasthemes.com/electro-elementor/wp-content/uploads/sites/51/2018/10/electro-home-placeholder-sidebar-1.png 270w" sizes="(max-width: 189px) 100vw, 189px" />			
					<section>
													<header>
								<h2>Hot Products Today</h2>
							</header>
												<ul data-view="grid" data-bs-toggle="regular-products"><li>
	<a href="https://demo.madrasthemes.com/electro-elementor/product-category/accessories/headphone-cases/" rel="tag">Headphone Cases</a><a href="https://demo.madrasthemes.com/electro-elementor/product/universal-headphones-case-in-black/"><h2>Universal Headphones Case in Black</h2><img width="300" height="300" src="https://demo.madrasthemes.com/electro-elementor/wp-content/uploads/sites/51/2018/10/electro-placeholder-300x300.png" alt="" loading="lazy" /></a><!-- /.product-loop-header --><a href="https://demo.madrasthemes.com/electro-elementor/product-category/accessories/headphone-cases/" rel="tag">Headphone Cases</a><a href="https://demo.madrasthemes.com/electro-elementor/product/universal-headphones-case-in-black/"><h2>Universal Headphones Case in Black</h2>		
			<strong>0</strong> out of 5 (0)
			<ul>
<li>Brand new and high quality</li>
<li>Made of supreme quality, durable EVA crush resistant, anti-shock material.</li>
<li>Soft inner cloth lining, one mesh pocket inside.</li>
<li>Compact and functional hard case keeps items safe and extremely portable.</li>
<li>Force Touch trackpad (13-inch model)</li>
</ul>
				SKU: 5487FB8/28</a><!-- /.product-loop-body -->
	<bdi>&pound;159.00</bdi>
<a href="?add-to-cart=2440" data-quantity="1" data-product_id="2440" data-product_sku="5487FB8/28" aria-label="Add &ldquo;Universal Headphones Case in Black&rdquo; to your cart" rel="nofollow">Add to cart</a><!-- /.price-add-to-cart -->
			<!-- ADD TO WISHLIST -->
	<a
		href="?add_to_wishlist=2440&#038;_wpnonce=dc6ee3cf74"
		class="add_to_wishlist single_add_to_wishlist"
		data-product-id="2440"
		data-product-type="simple"
		data-original-product-id="2440"
		data-title="Wishlist"
		rel="nofollow"
	>
				Wishlist
	</a>
			<!-- COUNT TEXT -->
<!-- /.product-loop-footer --><!-- /.product-inner --><!-- /.product-outer --></li>
<li>
	<a href="https://demo.madrasthemes.com/electro-elementor/product-category/accessories/headphone-accessories/" rel="tag">Headphone Accessories</a><a href="https://demo.madrasthemes.com/electro-elementor/product/headphones-usb-wires/"><h2>Headphones USB Wires</h2><img width="300" height="300" src="https://demo.madrasthemes.com/electro-elementor/wp-content/uploads/sites/51/2018/10/electro-placeholder-300x300.png" alt="" loading="lazy" /></a><!-- /.product-loop-header --><a href="https://demo.madrasthemes.com/electro-elementor/product-category/accessories/headphone-accessories/" rel="tag">Headphone Accessories</a><a href="https://demo.madrasthemes.com/electro-elementor/product/headphones-usb-wires/"><h2>Headphones USB Wires</h2>		
			<strong>0</strong> out of 5 (0)
			<ul>
<li>High-fidelity stereo music and clear speech</li>
<li>100% Stable and Comfortable when exercising, running and other outdoor sports</li>
<li>Up to 6 hours music play</li>
<li>7 hours talking time</li>
<li>Force Touch trackpad (13-inch model)</li>
</ul>
				SKU: 5487FB8/27</a><!-- /.product-loop-body -->
	<bdi>&pound;50.00</bdi>
<a href="?add-to-cart=2441" data-quantity="1" data-product_id="2441" data-product_sku="5487FB8/27" aria-label="Add &ldquo;Headphones USB Wires&rdquo; to your cart" rel="nofollow">Add to cart</a><!-- /.price-add-to-cart -->
			<!-- ADD TO WISHLIST -->
	<a
		href="?add_to_wishlist=2441&#038;_wpnonce=dc6ee3cf74"
		class="add_to_wishlist single_add_to_wishlist"
		data-product-id="2441"
		data-product-type="simple"
		data-original-product-id="2441"
		data-title="Wishlist"
		rel="nofollow"
	>
				Wishlist
	</a>
			<!-- COUNT TEXT -->
<!-- /.product-loop-footer --><!-- /.product-inner --><!-- /.product-outer --></li>
<li>
	<a href="https://demo.madrasthemes.com/electro-elementor/product-category/accessories/headphones/" rel="tag">Headphones</a><a href="https://demo.madrasthemes.com/electro-elementor/product/ultra-wireless-s50-headphones-s50-with-bluetooth/"><h2>Ultra Wireless S50 Headphones S50 with Bluetooth</h2><img width="300" height="300" src="https://demo.madrasthemes.com/electro-elementor/wp-content/uploads/sites/51/2018/10/electro-placeholder-300x300.png" alt="" loading="lazy" /></a><!-- /.product-loop-header --><a href="https://demo.madrasthemes.com/electro-elementor/product-category/accessories/headphones/" rel="tag">Headphones</a><a href="https://demo.madrasthemes.com/electro-elementor/product/ultra-wireless-s50-headphones-s50-with-bluetooth/"><h2>Ultra Wireless S50 Headphones S50 with Bluetooth</h2>		
			Rated <strong>4.33</strong> out of 5 (3)
			<ul>
<li>4.5 inch HD Touch Screen (1280 x 720)</li>
<li>Android 4.4 KitKat OS</li>
<li>1.4 GHz Quad Core™ Processor</li>
<li>20 MP front and 28 megapixel CMOS rear camera</li>
</ul>
<p>Lorem ipsum dolor sit amet, consectetur adipisicing elit, sed do eiusmod tempor incididunt.</p>
<p><strong>SKU</strong>: FW511948218</p>
				SKU: FW511948218</a><!-- /.product-loop-body -->
	<bdi>&pound;35.00</bdi>
<a href="?add-to-cart=2439" data-quantity="1" data-product_id="2439" data-product_sku="FW511948218" aria-label="Add &ldquo;Ultra Wireless S50 Headphones S50 with Bluetooth&rdquo; to your cart" rel="nofollow">Add to cart</a><!-- /.price-add-to-cart -->
			<!-- ADD TO WISHLIST -->
	<a
		href="?add_to_wishlist=2439&#038;_wpnonce=dc6ee3cf74"
		class="add_to_wishlist single_add_to_wishlist"
		data-product-id="2439"
		data-product-type="simple"
		data-original-product-id="2439"
		data-title="Wishlist"
		rel="nofollow"
	>
				Wishlist
	</a>
			<!-- COUNT TEXT -->
<!-- /.product-loop-footer --><!-- /.product-inner --><!-- /.product-outer --></li>
<li>
	<a href="https://demo.madrasthemes.com/electro-elementor/product-category/tv-audio/audio-speakers/" rel="tag">Audio Speakers</a><a href="https://demo.madrasthemes.com/electro-elementor/product/wireless-audio-system-multiroom-360/"><h2>Wireless Audio System Multiroom 360</h2><img width="300" height="300" src="https://demo.madrasthemes.com/electro-elementor/wp-content/uploads/sites/51/2018/10/electro-placeholder-300x300.png" alt="" loading="lazy" /></a><!-- /.product-loop-header --><a href="https://demo.madrasthemes.com/electro-elementor/product-category/tv-audio/audio-speakers/" rel="tag">Audio Speakers</a><a href="https://demo.madrasthemes.com/electro-elementor/product/wireless-audio-system-multiroom-360/"><h2>Wireless Audio System Multiroom 360</h2>		
			<strong>0</strong> out of 5 (0)
			<ul>
<li>360 Omnidirectional Sound</li>
<li>Easy Intuitive Control</li>
<li>Multiroom App</li>
</ul>
				SKU: 5487FB8/25</a><!-- /.product-loop-body -->
	<bdi>&pound;2,299.00</bdi>
<a href="?add-to-cart=2603" data-quantity="1" data-product_id="2603" data-product_sku="5487FB8/25" aria-label="Add &ldquo;Wireless Audio System Multiroom 360&rdquo; to your cart" rel="nofollow">Add to cart</a><!-- /.price-add-to-cart -->
			<!-- ADD TO WISHLIST -->
	<a
		href="?add_to_wishlist=2603&#038;_wpnonce=dc6ee3cf74"
		class="add_to_wishlist single_add_to_wishlist"
		data-product-id="2603"
		data-product-type="simple"
		data-original-product-id="2603"
		data-title="Wishlist"
		rel="nofollow"
	>
				Wishlist
	</a>
			<!-- COUNT TEXT -->
<!-- /.product-loop-footer --><!-- /.product-inner --><!-- /.product-outer --></li>
<li>
	<a href="https://demo.madrasthemes.com/electro-elementor/product-category/laptops-computers/laptops-laptops-computers/" rel="tag">Laptops</a><a href="https://demo.madrasthemes.com/electro-elementor/product/tablet-white-elitebook-revolve-810-g2/"><h2>Tablet White EliteBook  Revolve 810 G2</h2><img width="300" height="300" src="https://demo.madrasthemes.com/electro-elementor/wp-content/uploads/sites/51/2018/10/electro-placeholder-300x300.png" alt="" loading="lazy" /></a><!-- /.product-loop-header --><a href="https://demo.madrasthemes.com/electro-elementor/product-category/laptops-computers/laptops-laptops-computers/" rel="tag">Laptops</a><a href="https://demo.madrasthemes.com/electro-elementor/product/tablet-white-elitebook-revolve-810-g2/"><h2>Tablet White EliteBook  Revolve 810 G2</h2>		
			Rated <strong>4.33</strong> out of 5 (3)
			<ul>
<li>Screen Size: 11.6&#8243;</li>
<li> Processor Type: Core i5</li>
<li> Processor Speed: 1.90 GHz</li>
<li>Standard Memory: 4 GB</li>
<li> Operating System: Windows 8.1 Pro</li>
</ul>
				SKU: 5487FB8/26</a><!-- /.product-loop-body -->
	<bdi>&pound;1,300.00</bdi>
<a href="?add-to-cart=2606" data-quantity="1" data-product_id="2606" data-product_sku="5487FB8/26" aria-label="Add &ldquo;Tablet White EliteBook  Revolve 810 G2&rdquo; to your cart" rel="nofollow">Add to cart</a><!-- /.price-add-to-cart -->
			<!-- ADD TO WISHLIST -->
	<a
		href="?add_to_wishlist=2606&#038;_wpnonce=dc6ee3cf74"
		class="add_to_wishlist single_add_to_wishlist"
		data-product-id="2606"
		data-product-type="simple"
		data-original-product-id="2606"
		data-title="Wishlist"
		rel="nofollow"
	>
				Wishlist
	</a>
			<!-- COUNT TEXT -->
<!-- /.product-loop-footer --><!-- /.product-inner --><!-- /.product-outer --></li>
<li>
	<a href="https://demo.madrasthemes.com/electro-elementor/product-category/accessories/headphones/" rel="tag">Headphones</a><a href="https://demo.madrasthemes.com/electro-elementor/product/purple-solo-2-wireless/"><h2>Purple Solo 2 Wireless</h2><img width="300" height="300" src="https://demo.madrasthemes.com/electro-elementor/wp-content/uploads/sites/51/2018/10/electro-placeholder-300x300.png" alt="" loading="lazy" /></a><!-- /.product-loop-header --><a href="https://demo.madrasthemes.com/electro-elementor/product-category/accessories/headphones/" rel="tag">Headphones</a><a href="https://demo.madrasthemes.com/electro-elementor/product/purple-solo-2-wireless/"><h2>Purple Solo 2 Wireless</h2>		
			<strong>0</strong> out of 5 (0)
			<ul>
<li>Fine-tuned acoustics for clarity, breadth and balance</li>
<li>Streamlined design for a custom-fit</li>
<li> Durable and foldable so you can take them on-the-go</li>
<li>ake calls and control music with RemoteTalk cable</li>
</ul>
				SKU: 5487FB8/24</a><!-- /.product-loop-body -->
	<bdi>&pound;248.00</bdi>
<a href="https://demo.madrasthemes.com/electro-elementor/product/purple-solo-2-wireless/" data-quantity="1" data-product_id="2608" data-product_sku="5487FB8/24" aria-label="Read more about &ldquo;Purple Solo 2 Wireless&rdquo;" rel="nofollow">Read more</a><!-- /.price-add-to-cart -->
			<!-- ADD TO WISHLIST -->
	<a
		href="?add_to_wishlist=2608&#038;_wpnonce=dc6ee3cf74"
		class="add_to_wishlist single_add_to_wishlist"
		data-product-id="2608"
		data-product-type="simple"
		data-original-product-id="2608"
		data-title="Wishlist"
		rel="nofollow"
	>
				Wishlist
	</a>
			<!-- COUNT TEXT -->
<!-- /.product-loop-footer --><!-- /.product-inner --><!-- /.product-outer --></li>
<li>
	<a href="https://demo.madrasthemes.com/electro-elementor/product-category/laptops-computers/laptops-laptops-computers/" rel="tag">Laptops</a><a href="https://demo.madrasthemes.com/electro-elementor/product/notebook-widescreen-y700-17-gf790/"><h2>Notebook Widescreen Y700-17 GF790</h2><img width="300" height="300" src="https://demo.madrasthemes.com/electro-elementor/wp-content/uploads/sites/51/2018/10/electro-placeholder-300x300.png" alt="" loading="lazy" /></a><!-- /.product-loop-header --><a href="https://demo.madrasthemes.com/electro-elementor/product-category/laptops-computers/laptops-laptops-computers/" rel="tag">Laptops</a><a href="https://demo.madrasthemes.com/electro-elementor/product/notebook-widescreen-y700-17-gf790/"><h2>Notebook Widescreen Y700-17 GF790</h2>		
			Rated <strong>4.00</strong> out of 5 (3)
			<ul>
<li>4.5 inch HD Screen</li>
<li>Android 4.4 KitKat OS</li>
<li>1.4 GHz Quad Core™ Processor</li>
<li>3GB Ram</li>
</ul>
				SKU: 5487FB8/01</a><!-- /.product-loop-body -->
	<bdi>&pound;1,299.00</bdi>
<a href="?add-to-cart=2609" data-quantity="1" data-product_id="2609" data-product_sku="5487FB8/01" aria-label="Add &ldquo;Notebook Widescreen Y700-17 GF790&rdquo; to your cart" rel="nofollow">Add to cart</a><!-- /.price-add-to-cart -->
			<!-- ADD TO WISHLIST -->
	<a
		href="?add_to_wishlist=2609&#038;_wpnonce=dc6ee3cf74"
		class="add_to_wishlist single_add_to_wishlist"
		data-product-id="2609"
		data-product-type="simple"
		data-original-product-id="2609"
		data-title="Wishlist"
		rel="nofollow"
	>
				Wishlist
	</a>
			<!-- COUNT TEXT -->
<!-- /.product-loop-footer --><!-- /.product-inner --><!-- /.product-outer --></li>
<li>
	<a href="https://demo.madrasthemes.com/electro-elementor/product-category/laptops-computers/laptops-laptops-computers/" rel="tag">Laptops</a><a href="https://demo.madrasthemes.com/electro-elementor/product/laptop-wifi-cx61-2qf-15-6-4210m/"><h2>Laptop WiFi CX61 2QF 15.6&#8243; 4210M</h2><img width="300" height="300" src="https://demo.madrasthemes.com/electro-elementor/wp-content/uploads/sites/51/2018/10/electro-placeholder-300x300.png" alt="" loading="lazy" /></a><!-- /.product-loop-header --><a href="https://demo.madrasthemes.com/electro-elementor/product-category/laptops-computers/laptops-laptops-computers/" rel="tag">Laptops</a><a href="https://demo.madrasthemes.com/electro-elementor/product/laptop-wifi-cx61-2qf-15-6-4210m/"><h2>Laptop WiFi CX61 2QF 15.6&#8243; 4210M</h2>		
			Rated <strong>4.67</strong> out of 5 (3)
			<ul>
<li>Intel Core i5 processors (13-inch model)</li>
<li>Intel Iris Graphics 6100 (13-inch model)</li>
<li>Flash storage</li>
<li>Up to 10 hours of battery life2 (13-inch model)</li>
<li>Force Touch trackpad (13-inch model)</li>
</ul>
				SKU: 5487FB8/02</a><!-- /.product-loop-body -->
	<bdi>&pound;2,299.00</bdi>
<a href="?add-to-cart=2611" data-quantity="1" data-product_id="2611" data-product_sku="5487FB8/02" aria-label="Add &ldquo;Laptop WiFi CX61 2QF 15.6&quot; 4210M&rdquo; to your cart" rel="nofollow">Add to cart</a><!-- /.price-add-to-cart -->
			<!-- ADD TO WISHLIST -->
	<a
		href="?add_to_wishlist=2611&#038;_wpnonce=dc6ee3cf74"
		class="add_to_wishlist single_add_to_wishlist"
		data-product-id="2611"
		data-product-type="simple"
		data-original-product-id="2611"
		data-title="Wishlist"
		rel="nofollow"
	>
				Wishlist
	</a>
			<!-- COUNT TEXT -->
<!-- /.product-loop-footer --><!-- /.product-inner --><!-- /.product-outer --></li>
<li>
	<a href="https://demo.madrasthemes.com/electro-elementor/product-category/laptops-computers/laptops-laptops-computers/" rel="tag">Laptops</a><a href="https://demo.madrasthemes.com/electro-elementor/product/laptop-screener-cx70-2qf-621xpl-17-3-4210/"><h2>Laptop Screener CX70  2QF-621XPL 17.3&#8243; 4210</h2><img width="300" height="300" src="https://demo.madrasthemes.com/electro-elementor/wp-content/uploads/sites/51/2018/10/electro-placeholder-300x300.png" alt="" loading="lazy" /></a><!-- /.product-loop-header --><a href="https://demo.madrasthemes.com/electro-elementor/product-category/laptops-computers/laptops-laptops-computers/" rel="tag">Laptops</a><a href="https://demo.madrasthemes.com/electro-elementor/product/laptop-screener-cx70-2qf-621xpl-17-3-4210/"><h2>Laptop Screener CX70  2QF-621XPL 17.3&#8243; 4210</h2>		
			Rated <strong>4.67</strong> out of 5 (3)
			<ul>
<li>Intel Core i5 processors (13-inch model)</li>
<li>Intel Iris Graphics 6100 (13-inch model)</li>
<li>Flash storage</li>
<li>Up to 10 hours of battery life2 (13-inch model)</li>
<li>Force Touch trackpad (13-inch model)</li>
</ul>
				SKU: 5487FB8/04</a><!-- /.product-loop-body -->
	<bdi>&pound;2,399.00</bdi>
<a href="?add-to-cart=2613" data-quantity="1" data-product_id="2613" data-product_sku="5487FB8/04" aria-label="Add &ldquo;Laptop Screener CX70  2QF-621XPL 17.3&quot; 4210&rdquo; to your cart" rel="nofollow">Add to cart</a><!-- /.price-add-to-cart -->
			<!-- ADD TO WISHLIST -->
	<a
		href="?add_to_wishlist=2613&#038;_wpnonce=dc6ee3cf74"
		class="add_to_wishlist single_add_to_wishlist"
		data-product-id="2613"
		data-product-type="simple"
		data-original-product-id="2613"
		data-title="Wishlist"
		rel="nofollow"
	>
				Wishlist
	</a>
			<!-- COUNT TEXT -->
<!-- /.product-loop-footer --><!-- /.product-inner --><!-- /.product-outer --></li>
<li>
	<a href="https://demo.madrasthemes.com/electro-elementor/product-category/laptops-computers/laptops-laptops-computers/" rel="tag">Laptops</a><a href="https://demo.madrasthemes.com/electro-elementor/product/laptop-r752lj-173-5200u-4gb-1tb/"><h2>Laptop R752LJ 17,3&#8221;  5200U 4GB 1TB</h2><img width="300" height="300" src="https://demo.madrasthemes.com/electro-elementor/wp-content/uploads/sites/51/2018/10/electro-placeholder-300x300.png" alt="" loading="lazy" /></a><!-- /.product-loop-header --><a href="https://demo.madrasthemes.com/electro-elementor/product-category/laptops-computers/laptops-laptops-computers/" rel="tag">Laptops</a><a href="https://demo.madrasthemes.com/electro-elementor/product/laptop-r752lj-173-5200u-4gb-1tb/"><h2>Laptop R752LJ 17,3&#8221;  5200U 4GB 1TB</h2>		
			Rated <strong>3.67</strong> out of 5 (3)
			<ul>
<li>Intel® Core™ i5-5200U, 2,2 GHz</li>
<li>1 TB HDD, 8 GB RAM</li>
<li>NVIDIA® GeForce® 920M</li>
<li>Windows 10 Home (64 Bit)</li>
</ul>
				SKU: 5487FB8/05</a><!-- /.product-loop-body -->
	<bdi>&pound;1,100.00</bdi>
<a href="https://demo.madrasthemes.com/electro-elementor/product/laptop-r752lj-173-5200u-4gb-1tb/" data-quantity="1" data-product_id="2617" data-product_sku="5487FB8/05" aria-label="Read more about &ldquo;Laptop R752LJ 17,3&#039;&#039;  5200U 4GB 1TB&rdquo;" rel="nofollow">Read more</a><!-- /.price-add-to-cart -->
			<!-- ADD TO WISHLIST -->
	<a
		href="?add_to_wishlist=2617&#038;_wpnonce=dc6ee3cf74"
		class="add_to_wishlist single_add_to_wishlist"
		data-product-id="2617"
		data-product-type="simple"
		data-original-product-id="2617"
		data-title="Wishlist"
		rel="nofollow"
	>
				Wishlist
	</a>
			<!-- COUNT TEXT -->
<!-- /.product-loop-footer --><!-- /.product-inner --><!-- /.product-outer --></li>
<li>
	<a href="https://demo.madrasthemes.com/electro-elementor/product-category/computer-components/computer-cases/" rel="tag">Computer Cases</a>, <a href="https://demo.madrasthemes.com/electro-elementor/product-category/laptops-computers/servers/" rel="tag">Servers</a><a href="https://demo.madrasthemes.com/electro-elementor/product/aerocool-en52377-dead-silence-gaming-cube-case/"><h2>Aerocool EN52377 Dead  Silence Gaming Cube Case</h2><img width="300" height="300" src="https://demo.madrasthemes.com/electro-elementor/wp-content/uploads/sites/51/2018/10/electro-placeholder-300x300.png" alt="" loading="lazy" /></a><!-- /.product-loop-header --><a href="https://demo.madrasthemes.com/electro-elementor/product-category/computer-components/computer-cases/" rel="tag">Computer Cases</a>, <a href="https://demo.madrasthemes.com/electro-elementor/product-category/laptops-computers/servers/" rel="tag">Servers</a><a href="https://demo.madrasthemes.com/electro-elementor/product/aerocool-en52377-dead-silence-gaming-cube-case/"><h2>Aerocool EN52377 Dead  Silence Gaming Cube Case</h2>		
			Rated <strong>3.67</strong> out of 5 (3)
			<ul>
<li>Super-Silent cube gaming case solidly built with 0.8mm SGCC to block out most of the noise.</li>
<li>Leathercoated front and top panels with smooth surface finishing</li>
<li>Removable top cover for easy access to Motherboard</li>
<li>Completely removable ODD+FDD rack for ease of installing water cooling system</li>
<li>Supports a complete 240mm water cooling system on the top panel</li>
</ul>
				SKU: 5487FB8/06</a><!-- /.product-loop-body -->
	<bdi>&pound;180.00</bdi>
<a href="?add-to-cart=2619" data-quantity="1" data-product_id="2619" data-product_sku="5487FB8/06" aria-label="Add &ldquo;Aerocool EN52377 Dead  Silence Gaming Cube Case&rdquo; to your cart" rel="nofollow">Add to cart</a><!-- /.price-add-to-cart -->
			<!-- ADD TO WISHLIST -->
	<a
		href="?add_to_wishlist=2619&#038;_wpnonce=dc6ee3cf74"
		class="add_to_wishlist single_add_to_wishlist"
		data-product-id="2619"
		data-product-type="simple"
		data-original-product-id="2619"
		data-title="Wishlist"
		rel="nofollow"
	>
				Wishlist
	</a>
			<!-- COUNT TEXT -->
<!-- /.product-loop-footer --><!-- /.product-inner --><!-- /.product-outer --></li>
<li>
	<a href="https://demo.madrasthemes.com/electro-elementor/product-category/printers-ink/printers/" rel="tag">Printers</a><a href="https://demo.madrasthemes.com/electro-elementor/product/full-color-laserjet-pro-m452dn/"><h2>Full Color LaserJet Pro  M452dn</h2><img width="300" height="300" src="https://demo.madrasthemes.com/electro-elementor/wp-content/uploads/sites/51/2018/10/electro-placeholder-300x300.png" alt="" loading="lazy" /></a><!-- /.product-loop-header --><a href="https://demo.madrasthemes.com/electro-elementor/product-category/printers-ink/printers/" rel="tag">Printers</a><a href="https://demo.madrasthemes.com/electro-elementor/product/full-color-laserjet-pro-m452dn/"><h2>Full Color LaserJet Pro  M452dn</h2>		
			Rated <strong>4.00</strong> out of 5 (3)
			<ul>
<li>Easy management</li>
<li>Fast printing. Strong protection.</li>
<li>Easy management. Efficient printing.</li>
<li>The 2-line LCD display is simple to read and operate.</li>
<li>Stay connected with easy mobile printing options</li>
</ul>
				SKU: 5487FB8/07</a><!-- /.product-loop-body -->
	<bdi>&pound;1,050.00</bdi>
<a href="https://demo.madrasthemes.com/electro-elementor/product/full-color-laserjet-pro-m452dn/" data-quantity="1" data-product_id="2621" data-product_sku="5487FB8/07" aria-label="Read more about &ldquo;Full Color LaserJet Pro  M452dn&rdquo;" rel="nofollow">Read more</a><!-- /.price-add-to-cart -->
			<!-- ADD TO WISHLIST -->
	<a
		href="?add_to_wishlist=2621&#038;_wpnonce=dc6ee3cf74"
		class="add_to_wishlist single_add_to_wishlist"
		data-product-id="2621"
		data-product-type="simple"
		data-original-product-id="2621"
		data-title="Wishlist"
		rel="nofollow"
	>
				Wishlist
	</a>
			<!-- COUNT TEXT -->
<!-- /.product-loop-footer --><!-- /.product-inner --><!-- /.product-outer --></li>
<li>
	<a href="https://demo.madrasthemes.com/electro-elementor/product-category/cameras-photography/cameras/" rel="tag">Cameras</a><a href="https://demo.madrasthemes.com/electro-elementor/product/white-nx-mini-f1-smart-nx/"><h2>White NX Mini F1  SMART NX</h2><img width="300" height="300" src="https://demo.madrasthemes.com/electro-elementor/wp-content/uploads/sites/51/2018/10/electro-placeholder-300x300.png" alt="" loading="lazy" /></a><!-- /.product-loop-header --><a href="https://demo.madrasthemes.com/electro-elementor/product-category/cameras-photography/cameras/" rel="tag">Cameras</a><a href="https://demo.madrasthemes.com/electro-elementor/product/white-nx-mini-f1-smart-nx/"><h2>White NX Mini F1  SMART NX</h2>		
			<strong>0</strong> out of 5 (0)
			<ul>
<li>Ultra Slim &#038; Stylish</li>
<li>Perfect for Selfies</li>
<li>Capture &#038; Share on the Go</li>
<li>Outstanding Optics</li>
</ul>
				SKU: 5487FB8/08</a><!-- /.product-loop-body -->
	<bdi>&pound;559.00</bdi>
<a href="?add-to-cart=2623" data-quantity="1" data-product_id="2623" data-product_sku="5487FB8/08" aria-label="Add &ldquo;White NX Mini F1  SMART NX&rdquo; to your cart" rel="nofollow">Add to cart</a><!-- /.price-add-to-cart -->
			<!-- ADD TO WISHLIST -->
	<a
		href="?add_to_wishlist=2623&#038;_wpnonce=dc6ee3cf74"
		class="add_to_wishlist single_add_to_wishlist"
		data-product-id="2623"
		data-product-type="simple"
		data-original-product-id="2623"
		data-title="Wishlist"
		rel="nofollow"
	>
				Wishlist
	</a>
			<!-- COUNT TEXT -->
<!-- /.product-loop-footer --><!-- /.product-inner --><!-- /.product-outer --></li>
<li>
	<a href="https://demo.madrasthemes.com/electro-elementor/product-category/smart-phones-tablets/smartphones/" rel="tag">Smartphones</a><a href="https://demo.madrasthemes.com/electro-elementor/product/smartphone-6s-32gb-lte/"><h2>Smartphone 6S 32GB LTE</h2><img width="300" height="300" src="https://demo.madrasthemes.com/electro-elementor/wp-content/uploads/sites/51/2018/10/electro-placeholder-300x300.png" alt="" loading="lazy" /></a><!-- /.product-loop-header --><a href="https://demo.madrasthemes.com/electro-elementor/product-category/smart-phones-tablets/smartphones/" rel="tag">Smartphones</a><a href="https://demo.madrasthemes.com/electro-elementor/product/smartphone-6s-32gb-lte/"><h2>Smartphone 6S 32GB LTE</h2>		
			<strong>0</strong> out of 5 (0)
			<ul>
<li>4.5 inch HD Screen</li>
<li>Android 4.4 KitKat OS</li>
<li>1.4 GHz Quad Core™ Processor</li>
<li>20 MP front Camera</li>
</ul>
				SKU: 5487FB8/19</a><!-- /.product-loop-body -->
	<bdi>&pound;1,215.00</bdi>
<a href="?add-to-cart=2625" data-quantity="1" data-product_id="2625" data-product_sku="5487FB8/19" aria-label="Add &ldquo;Smartphone 6S 32GB LTE&rdquo; to your cart" rel="nofollow">Add to cart</a><!-- /.price-add-to-cart -->
			<!-- ADD TO WISHLIST -->
	<a
		href="?add_to_wishlist=2625&#038;_wpnonce=dc6ee3cf74"
		class="add_to_wishlist single_add_to_wishlist"
		data-product-id="2625"
		data-product-type="simple"
		data-original-product-id="2625"
		data-title="Wishlist"
		rel="nofollow"
	>
				Wishlist
	</a>
			<!-- COUNT TEXT -->
<!-- /.product-loop-footer --><!-- /.product-inner --><!-- /.product-outer --></li>
<li>
	<a href="https://demo.madrasthemes.com/electro-elementor/product-category/accessories/power-banks/" rel="tag">Power Banks</a><a href="https://demo.madrasthemes.com/electro-elementor/product/powerbank-1130-mah-blue/"><h2>Powerbank 1130 mAh  Blue</h2><img width="300" height="300" src="https://demo.madrasthemes.com/electro-elementor/wp-content/uploads/sites/51/2018/10/electro-placeholder-300x300.png" alt="" loading="lazy" /></a><!-- /.product-loop-header --><a href="https://demo.madrasthemes.com/electro-elementor/product-category/accessories/power-banks/" rel="tag">Power Banks</a><a href="https://demo.madrasthemes.com/electro-elementor/product/powerbank-1130-mah-blue/"><h2>Powerbank 1130 mAh  Blue</h2>		
			<strong>0</strong> out of 5 (0)
			<ul>
<li>11300 mAh</li>
<li>LED Indicator</li>
<li>5V</li>
<li>2.0A Output</li>
</ul>
				SKU: 5487FB8/09</a><!-- /.product-loop-body -->
	<bdi>&pound;210.00</bdi>
<a href="?add-to-cart=2628" data-quantity="1" data-product_id="2628" data-product_sku="5487FB8/09" aria-label="Add &ldquo;Powerbank 1130 mAh  Blue&rdquo; to your cart" rel="nofollow">Add to cart</a><!-- /.price-add-to-cart -->
			<!-- ADD TO WISHLIST -->
	<a
		href="?add_to_wishlist=2628&#038;_wpnonce=dc6ee3cf74"
		class="add_to_wishlist single_add_to_wishlist"
		data-product-id="2628"
		data-product-type="simple"
		data-original-product-id="2628"
		data-title="Wishlist"
		rel="nofollow"
	>
				Wishlist
	</a>
			<!-- COUNT TEXT -->
<!-- /.product-loop-footer --><!-- /.product-inner --><!-- /.product-outer --></li>
</ul>
			<p>
	Showing 1&ndash;15 of 56 results</p>
<nav>
	<ul class='page-numbers'>
	<li>1</li>
	<li><a href="/electro-elementor/wp-admin/admin-ajax.php?product-page=2">2</a></li>
	<li><a href="/electro-elementor/wp-admin/admin-ajax.php?product-page=3">3</a></li>
	<li><a href="/electro-elementor/wp-admin/admin-ajax.php?product-page=4">4</a></li>
	<li><a href="/electro-elementor/wp-admin/admin-ajax.php?product-page=2">&rarr;</a></li>
</ul>
</nav>
							</section>]]></content:encoded>
		<excerpt:encoded><![CDATA[]]></excerpt:encoded>
		<wp:post_id>5883</wp:post_id>
		<wp:post_date><![CDATA[2022-06-27 11:02:25]]></wp:post_date>
		<wp:post_date_gmt><![CDATA[2022-06-27 11:02:25]]></wp:post_date_gmt>
		<wp:post_modified><![CDATA[2022-06-27 11:06:44]]></wp:post_modified>
		<wp:post_modified_gmt><![CDATA[2022-06-27 11:06:44]]></wp:post_modified_gmt>
		<wp:comment_status><![CDATA[closed]]></wp:comment_status>
		<wp:ping_status><![CDATA[closed]]></wp:ping_status>
		<wp:post_name><![CDATA[home-v10-elementor]]></wp:post_name>
		<wp:status><![CDATA[publish]]></wp:status>
		<wp:post_parent>0</wp:post_parent>
		<wp:menu_order>0</wp:menu_order>
		<wp:post_type><![CDATA[elementor_library]]></wp:post_type>
		<wp:post_password><![CDATA[]]></wp:post_password>
		<wp:is_sticky>0</wp:is_sticky>
										<category domain="elementor_library_type" nicename="page"><![CDATA[page]]></category>
						<wp:postmeta>
		<wp:meta_key><![CDATA[_elementor_edit_mode]]></wp:meta_key>
		<wp:meta_value><![CDATA[builder]]></wp:meta_value>
		</wp:postmeta>
							<wp:postmeta>
		<wp:meta_key><![CDATA[_elementor_template_type]]></wp:meta_key>
		<wp:meta_value><![CDATA[page]]></wp:meta_value>
		</wp:postmeta>
							<wp:postmeta>
		<wp:meta_key><![CDATA[_elementor_version]]></wp:meta_key>
		<wp:meta_value><![CDATA[3.5.5]]></wp:meta_value>
		</wp:postmeta>
							<wp:postmeta>
		<wp:meta_key><![CDATA[_wp_page_template]]></wp:meta_key>
		<wp:meta_value><![CDATA[elementor_header_footer]]></wp:meta_value>
		</wp:postmeta>
							<wp:postmeta>
		<wp:meta_key><![CDATA[_elementor_data]]></wp:meta_key>
		<wp:meta_value><![CDATA[[{"id":"465374e4","elType":"section","settings":{"layout":"full_width","stretch_section":"section-stretched","background_image":{"url":"","id":"","alt":"","source":"library"},"background_background":"classic","html_tag":"div"},"elements":[{"id":"7e946d5d","elType":"column","settings":{"_column_size":100,"_inline_size":null,"space_between_widgets":0,"background_background":"classic","background_image":{"id":"","url":"","alt":"","source":"library"},"widget_wrapper_css":"p-0"},"elements":[{"id":"63155ec","elType":"widget","settings":{"rev_slider_alias":"home-v10-slider","ads_banners":[{"_id":"694e2be","ad_image":{"id":5003,"url":"https:\/\/demo.madrasthemes.com\/electro-elementor\/wp-content\/uploads\/sites\/51\/2018\/10\/electro-description-placeholder-ads.png","alt":"","source":"library"},"ad_text":"Catch Big <strong>Deals<\/strong> on<br>The Consoles ","action_text":"Shop now","action_link":""},{"ad_image":{"id":5003,"url":"https:\/\/demo.madrasthemes.com\/electro-elementor\/wp-content\/uploads\/sites\/51\/2018\/10\/electro-description-placeholder-ads.png","alt":"","source":"library"},"ad_text":"Catch Big <strong>Deals<\/strong> on<br>The Consoles ","action_text":"Shop now","_id":"7ae4803","action_link":""}],"bg_image":{"url":"https:\/\/demo.madrasthemes.com\/electro-elementor\/wp-content\/uploads\/sites\/51\/2021\/10\/home-v10-slider-bg.png","id":5296,"alt":"","source":"library"},"el_class":"mb-5"},"elements":[],"widgetType":"electro_elementor_slider_with_ads_block_v2"}],"isInner":false}],"isInner":false},{"id":"2f86bb2a","elType":"section","settings":{"layout":"full_width","css_classes":"mb-0"},"elements":[{"id":"675ef5e1","elType":"column","settings":{"_column_size":100,"_inline_size":null,"space_between_widgets":0,"padding":{"unit":"px","top":"0","right":"0","bottom":"0","left":"0","isLinked":true}},"elements":[{"id":"6463482","elType":"widget","settings":{"title":"Hot Products Today","sidebar_title":"Assortment","limit":"15","columns":"5","columns_wide":5,"orderby":"date","cat_operator":"IN","terms_operator":"IN","columns_tablet":3},"elements":[],"widgetType":"electro_elementor_sidebar_with_products_block"}],"isInner":false}],"isInner":false}]]]></wp:meta_value>
		</wp:postmeta>
							<wp:postmeta>
		<wp:meta_key><![CDATA[_elementor_page_assets]]></wp:meta_key>
		<wp:meta_value><![CDATA[a:0:{}]]></wp:meta_value>
		</wp:postmeta>
							<wp:postmeta>
		<wp:meta_key><![CDATA[_edit_last]]></wp:meta_key>
		<wp:meta_value><![CDATA[1208]]></wp:meta_value>
		</wp:postmeta>
							<wp:postmeta>
		<wp:meta_key><![CDATA[rs_page_bg_color]]></wp:meta_key>
		<wp:meta_value><![CDATA[]]></wp:meta_value>
		</wp:postmeta>
							</item>
				</channel>
</rss>
	